{
  "type": "FeatureCollection",
  "features": [
    {
      "type": "Feature",
      "id": 0,
      "geometry": {
        "type": "Point",
        "coordinates": [
          111.5854043734031,
          -6.927401969153641
        ]
      },
      "properties": {
        "FID": 0,
        "nama_ssid": "Balai Desa Jlodro",
        "nama_desa": "Jlodro",
        "fasilitato": "pemerintah_desa",
        "alamat": "Jl. Demak, Krajan, Jlodro",
        "foto": " "
      }
    },
    {
      "type": "Feature",
      "id": 1,
      "geometry": {
        "type": "Point",
        "coordinates": [
          111.594679,
          -6.943272
        ]
      },
      "properties": {
        "FID": 1,
        "nama_ssid": "BALAI DESA SOKOGUNUNG",
        "nama_desa": "Sokogunung",
        "fasilitato": "pemerintah_desa",
        "alamat": "Jl. Towo No. 111 Krajan, Sokogunung",
        "foto": " "
      }
    },
    {
      "type": "Feature",
      "id": 2,
      "geometry": {
        "type": "Point",
        "coordinates": [
          111.6175462,
          -6.9599445
        ]
      },
      "properties": {
        "FID": 2,
        "nama_ssid": "BALAI DESA JAMPRONG",
        "nama_desa": "Jamprong",
        "fasilitato": "pemerintah_desa",
        "alamat": "Jl. Abiyasa, Krajan, Jamprong",
        "foto": " "
      }
    },
    {
      "type": "Feature",
      "id": 3,
      "geometry": {
        "type": "Point",
        "coordinates": [
          111.6124094,
          -6.9090206
        ]
      },
      "properties": {
        "FID": 3,
        "nama_ssid": "BALAI DESA TAWARAN",
        "nama_desa": "Tawaran",
        "fasilitato": "pemerintah_desa",
        "alamat": "Jl. Blora - Kenduruan, Tawaran",
        "foto": " "
      }
    },
    {
      "type": "Feature",
      "id": 4,
      "geometry": {
        "type": "Point",
        "coordinates": [
          111.6248237,
          -6.9160326
        ]
      },
      "properties": {
        "FID": 4,
        "nama_ssid": "BALAI DESA SIDOMUKTI",
        "nama_desa": "Sidomukti\t\t\t\t",
        "fasilitato": "pemerintah_desa",
        "alamat": "Jl. Diponegoro, Sidomukti, Kec. Kenduruan",
        "foto": " "
      }
    },
    {
      "type": "Feature",
      "id": 5,
      "geometry": {
        "type": "Point",
        "coordinates": [
          111.6434194,
          -6.9560454
        ]
      },
      "properties": {
        "FID": 5,
        "nama_ssid": "BALAI DESA BENDONGLATENG\t",
        "nama_desa": "Bendonglateng\t\t\t",
        "fasilitato": "pemerintah_desa",
        "alamat": "Jl. Bendonglateng No.53, Nglanteng, Bendonglateng\t",
        "foto": " "
      }
    },
    {
      "type": "Feature",
      "id": 6,
      "geometry": {
        "type": "Point",
        "coordinates": [
          111.661003,
          -6.91224
        ]
      },
      "properties": {
        "FID": 6,
        "nama_ssid": "BALAI DESA SIDOHASRI\t",
        "nama_desa": "Sidohasri\tPemerintah Desa",
        "fasilitato": "pemerintah_desa",
        "alamat": "Jl. Ahmad Yani No.63, Balong, Sidohasri",
        "foto": " "
      }
    },
    {
      "type": "Feature",
      "id": 7,
      "geometry": {
        "type": "Point",
        "coordinates": [
          111.673481,
          -6.937419
        ]
      },
      "properties": {
        "FID": 7,
        "nama_ssid": "BALAI DESA SIDOREJO",
        "nama_desa": "Sidorejo\t\t",
        "fasilitato": "pemerintah_desa",
        "alamat": "Karanggeneng, Sidorejo, Kec. Kenduruan",
        "foto": " "
      }
    },
    {
      "type": "Feature",
      "id": 8,
      "geometry": {
        "type": "Point",
        "coordinates": [
          111.667236,
          -6.922638
        ]
      },
      "properties": {
        "FID": 8,
        "nama_ssid": "BALAI DESA SOKOGRENJENG",
        "nama_desa": "Sokogrenjeng\t\t\t\t",
        "fasilitato": "pemerintah_desa",
        "alamat": "Jl. Raya Srinoto, Ngancar, Sokogrenjeng",
        "foto": " "
      }
    },
    {
      "type": "Feature",
      "id": 9,
      "geometry": {
        "type": "Point",
        "coordinates": [
          111.625956,
          -6.865157
        ]
      },
      "properties": {
        "FID": 9,
        "nama_ssid": "BALAI DESA KEBONHARJO",
        "nama_desa": "Kebonharjo\t",
        "fasilitato": "pemerintah_desa",
        "alamat": "Jl. Raya Lasem Nomor 332\tKode Pos 62362",
        "foto": " "
      }
    },
    {
      "type": "Feature",
      "id": 10,
      "geometry": {
        "type": "Point",
        "coordinates": [
          111.6307019,
          -6.8566832
        ]
      },
      "properties": {
        "FID": 10,
        "nama_ssid": "BALAI DESA WANGI",
        "nama_desa": "Wangi\t\t",
        "fasilitato": "pemerintah_desa",
        "alamat": "Jl. Raya Wangi No. 15 Kode Pos 62362",
        "foto": " "
      }
    },
    {
      "type": "Feature",
      "id": 11,
      "geometry": {
        "type": "Point",
        "coordinates": [
          111.640812,
          -6.850764
        ]
      },
      "properties": {
        "FID": 11,
        "nama_ssid": "BALAI DESA KETODAN\t",
        "nama_desa": "Ketodan\t\t\t",
        "fasilitato": "pemerintah_desa",
        "alamat": "Jl. Raya Ketodan No. 30 Ketodan Kode Pos 62362",
        "foto": " "
      }
    },
    {
      "type": "Feature",
      "id": 12,
      "geometry": {
        "type": "Point",
        "coordinates": [
          111.633744,
          -6.874248
        ]
      },
      "properties": {
        "FID": 12,
        "nama_ssid": "BALAI DESA KARANGTENGAH\t",
        "nama_desa": "Karangtengah",
        "fasilitato": "pemerintah_desa",
        "alamat": "Jl. Jombok Nomor 152 Kode Pos 62362\t",
        "foto": " "
      }
    },
    {
      "type": "Feature",
      "id": 13,
      "geometry": {
        "type": "Point",
        "coordinates": [
          111.6552384,
          -6.8683604
        ]
      },
      "properties": {
        "FID": 13,
        "nama_ssid": "BALAI DESA BADER",
        "nama_desa": "Bader\t",
        "fasilitato": "pemerintah_desa",
        "alamat": "Jl. Raya Bulu - Jatirogo No 21 Bader Kode Pos 62362\t",
        "foto": " "
      }
    },
    {
      "type": "Feature",
      "id": 14,
      "geometry": {
        "type": "Point",
        "coordinates": [
          111.6443993,
          -6.8750289
        ]
      },
      "properties": {
        "FID": 14,
        "nama_ssid": "BALAI DESA PASEYAN",
        "nama_desa": "Paseyan\t\t\t\t",
        "fasilitato": "pemerintah_desa",
        "alamat": "Jl. Raya Lasem No. 20 Desa Paseyan Kode Pos 62362",
        "foto": " "
      }
    },
    {
      "type": "Feature",
      "id": 15,
      "geometry": {
        "type": "Point",
        "coordinates": [
          111.6551198,
          -6.8516707
        ]
      },
      "properties": {
        "FID": 15,
        "nama_ssid": "BALAI DESA BESOWO\t",
        "nama_desa": "Besowo\t\t",
        "fasilitato": "pemerintah_desa",
        "alamat": "Jl. Kemenjing No. 63 Desa Besowo Kode Pos 62362",
        "foto": " "
      }
    },
    {
      "type": "Feature",
      "id": 16,
      "geometry": {
        "type": "Point",
        "coordinates": [
          111.659893,
          -6.880676
        ]
      },
      "properties": {
        "FID": 16,
        "nama_ssid": "BALAI DESA SADANG",
        "nama_desa": "Sadang\t\t\t",
        "fasilitato": "pemerintah_desa",
        "alamat": "Jl. Panglima Sudirman No. 603 Kode Pos 62362\t",
        "foto": " "
      }
    },
    {
      "type": "Feature",
      "id": 17,
      "geometry": {
        "type": "Point",
        "coordinates": [
          111.6517091,
          -6.8871736
        ]
      },
      "properties": {
        "FID": 17,
        "nama_ssid": "BALAI DESA WOTSOGO",
        "nama_desa": "Wotsogo\t\t\t",
        "fasilitato": "pemerintah_desa",
        "alamat": "Jl. Jombok No. 1241 Jatirogo Kode Pos 62362",
        "foto": " "
      }
    },
    {
      "type": "Feature",
      "id": 18,
      "geometry": {
        "type": "Point",
        "coordinates": [
          111.678924,
          -6.8288056
        ]
      },
      "properties": {
        "FID": 18,
        "nama_ssid": "BALAI DESA NGEPON",
        "nama_desa": "Ngepon\t\t\t\t\t",
        "fasilitato": "pemerintah_desa",
        "alamat": "Jl. Raya Bulu - Jatirogo No. 04 Kode Pos 62362",
        "foto": " "
      }
    },
    {
      "type": "Feature",
      "id": 19,
      "geometry": {
        "type": "Point",
        "coordinates": [
          111.6632611,
          -6.8886218
        ]
      },
      "properties": {
        "FID": 19,
        "nama_ssid": "BALAI DESA SUGIHAN",
        "nama_desa": "Sugihan\t",
        "fasilitato": "pemerintah_desa",
        "alamat": "Jl. Raya Timur No. 116 Sugihan Kode Pos 62362",
        "foto": " "
      }
    },
    {
      "type": "Feature",
      "id": 20,
      "geometry": {
        "type": "Point",
        "coordinates": [
          111.676308,
          -6.912454
        ]
      },
      "properties": {
        "FID": 20,
        "nama_ssid": "BALAI DESA SIDOMULYO",
        "nama_desa": "Sidomulyo\t\t",
        "fasilitato": "pemerintah_desa",
        "alamat": "Ds. Sidomulyo - Kec.Jatirogo Kode Pos 62362",
        "foto": " "
      }
    },
    {
      "type": "Feature",
      "id": 21,
      "geometry": {
        "type": "Point",
        "coordinates": [
          111.6866126,
          -6.8615044
        ]
      },
      "properties": {
        "FID": 21,
        "nama_ssid": "BALAI DESA KEDUNGMAKAM",
        "nama_desa": "Kedungmakam\t\t\t\t",
        "fasilitato": "pemerintah_desa",
        "alamat": "Jl. Kedungmakam Rt.002 Rw.001 Kode Pos 62362",
        "foto": " "
      }
    },
    {
      "type": "Feature",
      "id": 22,
      "geometry": {
        "type": "Point",
        "coordinates": [
          111.690412,
          -6.892461
        ]
      },
      "properties": {
        "FID": 22,
        "nama_ssid": "BALAI DESA DEMIT\t",
        "nama_desa": "Demit\t",
        "fasilitato": "pemerintah_desa",
        "alamat": "Jl. Raya Desa Demit Kode Pos 62362\t",
        "foto": " "
      }
    },
    {
      "type": "Feature",
      "id": 23,
      "geometry": {
        "type": "Point",
        "coordinates": [
          111.6861777,
          -6.9184972
        ]
      },
      "properties": {
        "FID": 23,
        "nama_ssid": "BALAI DESA JATIKLABANG",
        "nama_desa": "Jatiklabang\t\t\t\t\t",
        "fasilitato": "pemerintah_desa",
        "alamat": "Jl. Raya Timur Nomor 256 Jatiklabang Kode Pos 62362",
        "foto": " "
      }
    },
    {
      "type": "Feature",
      "id": 24,
      "geometry": {
        "type": "Point",
        "coordinates": [
          111.71687,
          -6.869002
        ]
      },
      "properties": {
        "FID": 24,
        "nama_ssid": "BALAI DESA SEKARAN\t",
        "nama_desa": "Sekaran\t\t",
        "fasilitato": "pemerintah_desa",
        "alamat": "Jl. Poros Desa Sekaran Kode Pos 62362",
        "foto": " "
      }
    },
    {
      "type": "Feature",
      "id": 25,
      "geometry": {
        "type": "Point",
        "coordinates": [
          111.70724,
          -6.904073
        ]
      },
      "properties": {
        "FID": 25,
        "nama_ssid": "BALAI DESA DINGIL",
        "nama_desa": "Dingil",
        "fasilitato": "pemerintah_desa",
        "alamat": "Jl. Raya Dingil No. 1 Desa Dingil Kode Pos 62362\t",
        "foto": " "
      }
    },
    {
      "type": "Feature",
      "id": 26,
      "geometry": {
        "type": "Point",
        "coordinates": [
          111.6868907,
          -6.9782075
        ]
      },
      "properties": {
        "FID": 26,
        "nama_ssid": "BALAI DESA KLAKEH",
        "nama_desa": "Klakeh\t",
        "fasilitato": "pemerintah_desa",
        "alamat": "Jl. Raya Klakeh No 01 Desa Klakeh Kode Pos 62364",
        "foto": " "
      }
    },
    {
      "type": "Feature",
      "id": 27,
      "geometry": {
        "type": "Point",
        "coordinates": [
          111.6896196,
          -6.9938273
        ]
      },
      "properties": {
        "FID": 27,
        "nama_ssid": "BALAI DESA BATE",
        "nama_desa": "Bate\t\t\t\t\t",
        "fasilitato": "pemerintah_desa",
        "alamat": "Desa Bate RT. 02 RW. 05 Kode Pos 62364",
        "foto": " "
      }
    },
    {
      "type": "Feature",
      "id": 28,
      "geometry": {
        "type": "Point",
        "coordinates": [
          111.6857735,
          -6.9709946
        ]
      },
      "properties": {
        "FID": 28,
        "nama_ssid": "BALAI DESA SIDOTENTREM",
        "nama_desa": "Sidotentrem\t\t\t",
        "fasilitato": "pemerintah_desa",
        "alamat": "Jl. Sidotentrem Kec. Bangilan Kode Pos 62364",
        "foto": " "
      }
    },
    {
      "type": "Feature",
      "id": 29,
      "geometry": {
        "type": "Point",
        "coordinates": [
          111.692471,
          -6.935775
        ]
      },
      "properties": {
        "FID": 29,
        "nama_ssid": "BALAI DESA KEDUNGJAMBANGAN",
        "nama_desa": "Kedungjambangan\t\t\t",
        "fasilitato": "pemerintah_desa",
        "alamat": "Jl. Ponco-Jatirogo Kode Pos 62364\t",
        "foto": " "
      }
    },
    {
      "type": "Feature",
      "id": 30,
      "geometry": {
        "type": "Point",
        "coordinates": [
          111.710825,
          -6.981897
        ]
      },
      "properties": {
        "FID": 30,
        "nama_ssid": "BALAI DESA KABLUKAN",
        "nama_desa": "Kablukan\t\t\t\t3kablukan.jpg\t",
        "fasilitato": "pemerintah_desa",
        "alamat": "Jl. Raya Ngrojo - Sidotentrem No. 40 Kablukan Kode Pos 62364\t",
        "foto": " "
      }
    },
    {
      "type": "Feature",
      "id": 31,
      "geometry": {
        "type": "Point",
        "coordinates": [
          111.710588,
          -6.977095
        ]
      },
      "properties": {
        "FID": 31,
        "nama_ssid": "BALAI DESA SIDOKUMPUL",
        "nama_desa": "Sidokumpul\t\t",
        "fasilitato": "pemerintah_desa",
        "alamat": "Jl. Raya Sidokumpul RT 03 RW 03 Kode Pos 62364\t",
        "foto": " "
      }
    },
    {
      "type": "Feature",
      "id": 32,
      "geometry": {
        "type": "Point",
        "coordinates": [
          111.715561,
          -6.964739
        ]
      },
      "properties": {
        "FID": 32,
        "nama_ssid": "BALAI DESA BANGILAN",
        "nama_desa": "Bangilan\t",
        "fasilitato": "pemerintah_desa",
        "alamat": "Jl. Raya Bangilan No. 555 Kode Pos 62364\t",
        "foto": " "
      }
    },
    {
      "type": "Feature",
      "id": 33,
      "geometry": {
        "type": "Point",
        "coordinates": [
          111.707622,
          -6.954793
        ]
      },
      "properties": {
        "FID": 33,
        "nama_ssid": "BALAI DESA SIDODADI\t",
        "nama_desa": "SidodadI\t\t\t",
        "fasilitato": "pemerintah_desa",
        "alamat": "Jl. Raya Sidodadi No. 292 Bangilan Kode Pos 62364",
        "foto": " "
      }
    },
    {
      "type": "Feature",
      "id": 34,
      "geometry": {
        "type": "Point",
        "coordinates": [
          111.7391902,
          -6.9151398
        ]
      },
      "properties": {
        "FID": 34,
        "nama_ssid": "BALAI DESA KUMPULREJO",
        "nama_desa": "Kumpulrejo\t\t",
        "fasilitato": "pemerintah_desa",
        "alamat": "Jl. Poros Kumpulrejo No. 53 Kode Pos 62364\t",
        "foto": " "
      }
    },
    {
      "type": "Feature",
      "id": 35,
      "geometry": {
        "type": "Point",
        "coordinates": [
          111.714488,
          -6.956333
        ]
      },
      "properties": {
        "FID": 35,
        "nama_ssid": "BALAI DESA BANJAROWO\t",
        "nama_desa": "Banjarworo",
        "fasilitato": "pemerintah_desa",
        "alamat": "\tJl. KH. Abdurrohman No. 99 Kode Pos 62364",
        "foto": " "
      }
    },
    {
      "type": "Feature",
      "id": 36,
      "geometry": {
        "type": "Point",
        "coordinates": [
          111.716182,
          -6.9840866
        ]
      },
      "properties": {
        "FID": 36,
        "nama_ssid": "BALAI DESA NGROJO",
        "nama_desa": "Ngrojo\t\t\t",
        "fasilitato": "pemerintah_desa",
        "alamat": "\tJl. Raya Bangilan-Senori Kode Pos 62364",
        "foto": " "
      }
    },
    {
      "type": "Feature",
      "id": 37,
      "geometry": {
        "type": "Point",
        "coordinates": [
          111.7190127,
          -6.9786535
        ]
      },
      "properties": {
        "FID": 37,
        "nama_ssid": "BALAI DESA WEDEN",
        "nama_desa": "Weden\t\t\t\t",
        "fasilitato": " ",
        "alamat": "Jl. Raya Weden No. 82 Kode Pos 62364\t",
        "foto": " "
      }
    },
    {
      "type": "Feature",
      "id": 38,
      "geometry": {
        "type": "Point",
        "coordinates": [
          111.71888239599632,
          -6.956899202523502
        ]
      },
      "properties": {
        "FID": 38,
        "nama_ssid": "BALAI DESA KEDUNGMULYO\t",
        "nama_desa": "Kedungmulyo\t",
        "fasilitato": "pemerintah_desa",
        "alamat": "Jl. Raya Kedungmulyo No. 14 Kode Pos 62364",
        "foto": " "
      }
    },
    {
      "type": "Feature",
      "id": 39,
      "geometry": {
        "type": "Point",
        "coordinates": [
          111.6660634,
          -6.7779165
        ]
      },
      "properties": {
        "FID": 39,
        "nama_ssid": "BALAI DESA TLOGOAGUNG",
        "nama_desa": "Tlogoagung\t\t\t\t",
        "fasilitato": " ",
        "alamat": "Jl. Desa Tlogoagung No. 01 Kode Pos 62354\t",
        "foto": " "
      }
    },
    {
      "type": "Feature",
      "id": 40,
      "geometry": {
        "type": "Point",
        "coordinates": [
          111.6934665,
          -6.8235168
        ]
      },
      "properties": {
        "FID": 40,
        "nama_ssid": "BALAI DESA NGUJURAN\t",
        "nama_desa": "Ngujuran\t\t\t",
        "fasilitato": "pemerintah_desa",
        "alamat": "Jl. Desa Ngujuran Bancar Kode Pos 62354",
        "foto": " "
      }
    },
    {
      "type": "Feature",
      "id": 41,
      "geometry": {
        "type": "Point",
        "coordinates": [
          111.6922323,
          -6.7750782
        ]
      },
      "properties": {
        "FID": 41,
        "nama_ssid": "BALAI DESA LATSARI",
        "nama_desa": "Latsari\t\t\t\t\t",
        "fasilitato": "pemerintah_desa",
        "alamat": "Jl. Lestari Desa Latsari Kode Pos 62354",
        "foto": " "
      }
    },
    {
      "type": "Feature",
      "id": 42,
      "geometry": {
        "type": "Point",
        "coordinates": [
          111.7125372,
          -6.7675972
        ]
      },
      "properties": {
        "FID": 42,
        "nama_ssid": "BALAI DESA SUKOLILO",
        "nama_desa": "Sukolilo\t\t\t\t",
        "fasilitato": "pemerintah_desa",
        "alamat": "Jl. Desa Sukolilo Bancar Kode Pos 62354",
        "foto": " "
      }
    },
    {
      "type": "Feature",
      "id": 43,
      "geometry": {
        "type": "Point",
        "coordinates": [
          111.7129498,
          -6.7915391
        ]
      },
      "properties": {
        "FID": 43,
        "nama_ssid": "\tBALAI DESA TENGGERKULON\t",
        "nama_desa": "Tenggerkulon\t\t\t",
        "fasilitato": "pemerintah_desa",
        "alamat": "Jl. Desa Tenggerkulon Kode Pos 62354",
        "foto": " "
      }
    },
    {
      "type": "Feature",
      "id": 44,
      "geometry": {
        "type": "Point",
        "coordinates": [
          111.7192826,
          -6.7710163
        ]
      },
      "properties": {
        "FID": 44,
        "nama_ssid": "\tBALAI DESA BULUJOWO\t",
        "nama_desa": "Bulujowo\t\t\t",
        "fasilitato": "pemerintah_desa",
        "alamat": "Jalan Desa No. 4 Bulujowo Kode Pos 62354",
        "foto": " "
      }
    },
    {
      "type": "Feature",
      "id": 45,
      "geometry": {
        "type": "Point",
        "coordinates": [
          111.7265366,
          -6.7959656
        ]
      },
      "properties": {
        "FID": 45,
        "nama_ssid": "BALAI DESA SIDING",
        "nama_desa": "Siding\t\t",
        "fasilitato": "pemerintah_desa",
        "alamat": "Jl. Raya Desa Siding Kode Pos 62354",
        "foto": " "
      }
    },
    {
      "type": "Feature",
      "id": 46,
      "geometry": {
        "type": "Point",
        "coordinates": [
          111.7273931,
          -6.7805272
        ]
      },
      "properties": {
        "FID": 46,
        "nama_ssid": "BALAI DESA TERGAMBANG\t",
        "nama_desa": "Tergambang\t\t\t\t\t",
        "fasilitato": " ",
        "alamat": " Jl. Dusun Klabang Rt 05 Rw 02 Tergambang Kode Pos 62354",
        "foto": " "
      }
    },
    {
      "type": "Feature",
      "id": 47,
      "geometry": {
        "type": "Point",
        "coordinates": [
          111.7234463,
          -6.7712303
        ]
      },
      "properties": {
        "FID": 47,
        "nama_ssid": "\tBALAI DESA BULUMEDURO",
        "nama_desa": "Bulumeduro\t",
        "fasilitato": "pemerintah_desa",
        "alamat": "Jl. Raya Bulumeduro no.10 Kode Pos 62354",
        "foto": " "
      }
    },
    {
      "type": "Feature",
      "id": 48,
      "geometry": {
        "type": "Point",
        "coordinates": [
          111.725325,
          -6.773132
        ]
      },
      "properties": {
        "FID": 48,
        "nama_ssid": "BALAI DESA BANJARJO\t",
        "nama_desa": "Banjarjo\t\t",
        "fasilitato": "pemerintah_desa",
        "alamat": "Jl. Pasar Layur No. 731 Banjarjo Kode Pos 62354",
        "foto": " "
      }
    },
    {
      "type": "Feature",
      "id": 49,
      "geometry": {
        "type": "Point",
        "coordinates": [
          111.7358896,
          -6.7724807
        ]
      },
      "properties": {
        "FID": 49,
        "nama_ssid": "\tBALAI DESA BONCONG",
        "nama_desa": "Boncong\t\t\t",
        "fasilitato": " ",
        "alamat": "Jl. Raya Desa Boncong Kode Pos 62354\t",
        "foto": " "
      }
    },
    {
      "type": "Feature",
      "id": 50,
      "geometry": {
        "type": "Point",
        "coordinates": [
          111.738365,
          -6.8257183
        ]
      },
      "properties": {
        "FID": 50,
        "nama_ssid": "BALAI DESA JATISARI",
        "nama_desa": "Jatisari\t\t",
        "fasilitato": "pemerintah_desa",
        "alamat": "Jl. Desa Jatisari Kode Pos 62354",
        "foto": " "
      }
    },
    {
      "type": "Feature",
      "id": 51,
      "geometry": {
        "type": "Point",
        "coordinates": [
          111.7415639,
          -6.8259505
        ]
      },
      "properties": {
        "FID": 51,
        "nama_ssid": "BALAI DESA KAYEN\t",
        "nama_desa": "Kayen\t\t",
        "fasilitato": "pemerintah_desa",
        "alamat": "\tJl. Desa Kayen No. 01 Kayen Kode Pos 62354",
        "foto": " "
      }
    },
    {
      "type": "Feature",
      "id": 52,
      "geometry": {
        "type": "Point",
        "coordinates": [
          111.766932,
          -6.7802487
        ]
      },
      "properties": {
        "FID": 52,
        "nama_ssid": "BALAI DESA BOGOREJO\t",
        "nama_desa": "Bogorejo\t\t\t\t",
        "fasilitato": " ",
        "alamat": "Jl. Raya Desa Bogorejo Kode Pos 62354\t",
        "foto": " "
      }
    },
    {
      "type": "Feature",
      "id": 53,
      "geometry": {
        "type": "Point",
        "coordinates": [
          111.752161,
          -6.798076
        ]
      },
      "properties": {
        "FID": 53,
        "nama_ssid": "BALAI DESA SEMBUNGIN\t",
        "nama_desa": "Sembungin\t\t\t",
        "fasilitato": " ",
        "alamat": "Jl. Desa sembungin Kode Pos 62354",
        "foto": " "
      }
    },
    {
      "type": "Feature",
      "id": 54,
      "geometry": {
        "type": "Point",
        "coordinates": [
          111.7643148,
          -6.8157534
        ]
      },
      "properties": {
        "FID": 54,
        "nama_ssid": "BALAI DESA KARANGREJO\t",
        "nama_desa": "Karangrejo\t\t\t",
        "fasilitato": " ",
        "alamat": "Senandang Desa Karangrejo - Bancar",
        "foto": " "
      }
    },
    {
      "type": "Feature",
      "id": 55,
      "geometry": {
        "type": "Point",
        "coordinates": [
          111.773272,
          -6.820587
        ]
      },
      "properties": {
        "FID": 55,
        "nama_ssid": "BALAI DESA SUKOHARJO",
        "nama_desa": "Sukoharjo\t",
        "fasilitato": "pemerintah_desa",
        "alamat": "\tJl. Desa Sukoharjo Kecamatan Bancar Kode Pos 62354",
        "foto": " "
      }
    },
    {
      "type": "Feature",
      "id": 56,
      "geometry": {
        "type": "Point",
        "coordinates": [
          111.7670771,
          -6.8100643
        ]
      },
      "properties": {
        "FID": 56,
        "nama_ssid": "\tBALAI DESA PUGOH",
        "nama_desa": "Pugoh\t\t",
        "fasilitato": "pemerintah_desa",
        "alamat": "Jl. Desa Pugoh Bancar Kode Pos 62354",
        "foto": " "
      }
    },
    {
      "type": "Feature",
      "id": 57,
      "geometry": {
        "type": "Point",
        "coordinates": [
          111.782018,
          -6.783373
        ]
      },
      "properties": {
        "FID": 57,
        "nama_ssid": "BALAI DESA BANCAR",
        "nama_desa": "Bancar\t\t",
        "fasilitato": "pemerintah_desa",
        "alamat": "Jl. Raya Bancar - Tuban KM 37 Kode Pos 62354",
        "foto": " "
      }
    },
    {
      "type": "Feature",
      "id": 58,
      "geometry": {
        "type": "Point",
        "coordinates": [
          111.779604,
          -6.810197
        ]
      },
      "properties": {
        "FID": 58,
        "nama_ssid": "BALAI DESA NGAMPELREJO",
        "nama_desa": "Ngampelrejo\t\t\t",
        "fasilitato": "pemerintah_desa",
        "alamat": "Jl. Raya Ngampelrejo Bancar Kode Pos 62354",
        "foto": " "
      }
    },
    {
      "type": "Feature",
      "id": 59,
      "geometry": {
        "type": "Point",
        "coordinates": [
          111.7933016,
          -6.8246454
        ]
      },
      "properties": {
        "FID": 59,
        "nama_ssid": "BALAI DESA SIDOMULYO",
        "nama_desa": "Sidomulyo",
        "fasilitato": "pemerintah_desa",
        "alamat": "Jl. Desa Sidomulyo Kecamatan Bancar Kode Pos 62354",
        "foto": " "
      }
    },
    {
      "type": "Feature",
      "id": 60,
      "geometry": {
        "type": "Point",
        "coordinates": [
          111.8084957,
          -6.8069276
        ]
      },
      "properties": {
        "FID": 60,
        "nama_ssid": "BALAI DESA MARGOSUKO",
        "nama_desa": "Margosuko",
        "fasilitato": "pemerintah_desa",
        "alamat": "\tJl. Desa Margosuko-Cingklung Kode Pos 62354",
        "foto": " "
      }
    },
    {
      "type": "Feature",
      "id": 61,
      "geometry": {
        "type": "Point",
        "coordinates": [
          111.810427,
          -6.812596
        ]
      },
      "properties": {
        "FID": 61,
        "nama_ssid": "BALAI DESA CINGKLUNG\t",
        "nama_desa": "Cingklung\t",
        "fasilitato": "pemerintah_desa",
        "alamat": "Jl. Desa Cingklung No. 01 Kode Pos 62354\t",
        "foto": " "
      }
    },
    {
      "type": "Feature",
      "id": 62,
      "geometry": {
        "type": "Point",
        "coordinates": [
          111.713125,
          -7.002027
        ]
      },
      "properties": {
        "FID": 62,
        "nama_ssid": "BALAI DESA MEDALEM",
        "nama_desa": "Medalem\t",
        "fasilitato": "pemerintah_desa",
        "alamat": "Jl. Sunan Kalijogo No. 01 Medalem Kode Pos 62365\t",
        "foto": " "
      }
    },
    {
      "type": "Feature",
      "id": 63,
      "geometry": {
        "type": "Point",
        "coordinates": [
          111.721297,
          -7.012407
        ]
      },
      "properties": {
        "FID": 63,
        "nama_ssid": "BALAI DESA JATISARI",
        "nama_desa": "Jatisari\t",
        "fasilitato": "pemerintah_desa",
        "alamat": "Jl. Ahmad Yani No. 62 Jatisari Kode Pos 62365",
        "foto": " "
      }
    },
    {
      "type": "Feature",
      "id": 64,
      "geometry": {
        "type": "Point",
        "coordinates": [
          111.7016346,
          -7.0309791
        ]
      },
      "properties": {
        "FID": 64,
        "nama_ssid": "BALAI DESA KALIGEDE",
        "nama_desa": "Kaligede\t\t\t",
        "fasilitato": "pemerintah_desa",
        "alamat": "Jl. Raya Kaligede Kode Pos 62365\t",
        "foto": " "
      }
    },
    {
      "type": "Feature",
      "id": 65,
      "geometry": {
        "type": "Point",
        "coordinates": [
          111.6958387,
          -7.0624437
        ]
      },
      "properties": {
        "FID": 65,
        "nama_ssid": "BALAI DESA BANYUURIP\t",
        "nama_desa": "Banyuurip",
        "fasilitato": "pemerintah_desa",
        "alamat": "Jl. Raya Banyuurip Senori No. 1 Kode Pos 62365\t",
        "foto": " "
      }
    },
    {
      "type": "Feature",
      "id": 66,
      "geometry": {
        "type": "Point",
        "coordinates": [
          111.7141956,
          -7.0226392
        ]
      },
      "properties": {
        "FID": 66,
        "nama_ssid": "BALAI DESA LERAN\t",
        "nama_desa": "Leran\t",
        "fasilitato": "pemerintah_desa",
        "alamat": "Jl. Pawiro Sadir No. 126 Desa Leran Kode Pos 62365\t",
        "foto": " "
      }
    },
    {
      "type": "Feature",
      "id": 67,
      "geometry": {
        "type": "Point",
        "coordinates": [
          111.7114921,
          -7.0746906
        ]
      },
      "properties": {
        "FID": 67,
        "nama_ssid": "BALAI DESA WONOSARI\t",
        "nama_desa": "Wonosari\t\t",
        "fasilitato": "pemerintah_desa",
        "alamat": "Jl. Poros Desa Wonosari Kode Pos 62365",
        "foto": " "
      }
    },
    {
      "type": "Feature",
      "id": 68,
      "geometry": {
        "type": "Point",
        "coordinates": [
          111.7263966,
          -7.0052395
        ]
      },
      "properties": {
        "FID": 68,
        "nama_ssid": "BALAI DESA SENDANG",
        "nama_desa": "Sendang",
        "fasilitato": "pemerintah_desa",
        "alamat": "Jl. Letnan Sucipto No. 22 Kode Pos 62365",
        "foto": " "
      }
    },
    {
      "type": "Feature",
      "id": 69,
      "geometry": {
        "type": "Point",
        "coordinates": [
          111.730436,
          -7.019661
        ]
      },
      "properties": {
        "FID": 69,
        "nama_ssid": "BALAI DESA WANGLUKULON\t",
        "nama_desa": "Wanglukulon\t",
        "fasilitato": "pemerintah_desa",
        "alamat": "Jl. K. Djonet No. 97 Wanglukulon Kode Pos 62365\t",
        "foto": " "
      }
    },
    {
      "type": "Feature",
      "id": 70,
      "geometry": {
        "type": "Point",
        "coordinates": [
          111.7328015,
          -7.0232459
        ]
      },
      "properties": {
        "FID": 70,
        "nama_ssid": "BALAI DESA WANGLUWETAN",
        "nama_desa": "Wangluwetan\t\t",
        "fasilitato": "pemerintah_desa",
        "alamat": " Jl. Mbah Jogo No 59 Desa Wangluwetan (62365) Kode Pos 62365",
        "foto": " "
      }
    },
    {
      "type": "Feature",
      "id": 71,
      "geometry": {
        "type": "Point",
        "coordinates": [
          111.73980803443767,
          -7.038778350954703
        ]
      },
      "properties": {
        "FID": 71,
        "nama_ssid": "BALAI DESA SIDOHARJO",
        "nama_desa": "Sidoharjo\t",
        "fasilitato": "pemerintah_desa",
        "alamat": "Jl. Raya Sidoharjo No.220 Kode Pos 62365",
        "foto": " "
      }
    },
    {
      "type": "Feature",
      "id": 72,
      "geometry": {
        "type": "Point",
        "coordinates": [
          111.7717574,
          -7.053807
        ]
      },
      "properties": {
        "FID": 72,
        "nama_ssid": "BALAI DESA RAYUNG\t",
        "nama_desa": "Rayung\t",
        "fasilitato": "pemerintah_desa",
        "alamat": "Jl. Raya Rayung-Senori KM. 9 Kode Pos 62365",
        "foto": " "
      }
    },
    {
      "type": "Feature",
      "id": 73,
      "geometry": {
        "type": "Point",
        "coordinates": [
          111.7740421,
          -7.0588372
        ]
      },
      "properties": {
        "FID": 73,
        "nama_ssid": "BALAI DESA KATERBAN",
        "nama_desa": "Katerban\t\t",
        "fasilitato": "pemerintah_desa",
        "alamat": "Jl. WR. Supratman No 39 Kode Pos 62365",
        "foto": " "
      }
    },
    {
      "type": "Feature",
      "id": 74,
      "geometry": {
        "type": "Point",
        "coordinates": [
          111.7796451,
          -6.871386
        ]
      },
      "properties": {
        "FID": 74,
        "nama_ssid": "BALAI DESA DIKIR",
        "nama_desa": "Dikir\t",
        "fasilitato": "pemerintah_desa",
        "alamat": "Jl. Manunggal No.05 Dikir Kode Pos 62353",
        "foto": " "
      }
    },
    {
      "type": "Feature",
      "id": 75,
      "geometry": {
        "type": "Point",
        "coordinates": [
          111.7821,
          -6.87683
        ]
      },
      "properties": {
        "FID": 75,
        "nama_ssid": "BALAI DESA NGULAHAN\t",
        "nama_desa": "Ngulahan",
        "fasilitato": "pemerintah_desa",
        "alamat": "Jl. Pemuda No. 01 Ngulahan Kode Pos 62353",
        "foto": " "
      }
    },
    {
      "type": "Feature",
      "id": 76,
      "geometry": {
        "type": "Point",
        "coordinates": [
          111.7712659,
          -6.8535704
        ]
      },
      "properties": {
        "FID": 76,
        "nama_ssid": "BALAI DESA PLAJAN",
        "nama_desa": "Plajan",
        "fasilitato": "pemerintah_desa",
        "alamat": "Jl. Dusun Plajan RT 05 RW 02 Kode Pos 62353",
        "foto": " "
      }
    },
    {
      "type": "Feature",
      "id": 77,
      "geometry": {
        "type": "Point",
        "coordinates": [
          111.8003116,
          -6.858408
        ]
      },
      "properties": {
        "FID": 77,
        "nama_ssid": "BALAI DESA MANDER",
        "nama_desa": "Mander",
        "fasilitato": " ",
        "alamat": "Jl. Basuki Rahmat No 10 Tambakboyo Kode Pos 62353",
        "foto": " "
      }
    },
    {
      "type": "Feature",
      "id": 78,
      "geometry": {
        "type": "Point",
        "coordinates": [
          111.8085932,
          -6.82911
        ]
      },
      "properties": {
        "FID": 78,
        "nama_ssid": "BALAI DESA BELIKANGET",
        "nama_desa": "Belikanget",
        "fasilitato": "pemerintah_desa",
        "alamat": "Jl. Sendang Nganget No. 02 Kode Pos 62353\t",
        "foto": " "
      }
    },
    {
      "type": "Feature",
      "id": 79,
      "geometry": {
        "type": "Point",
        "coordinates": [
          111.814301,
          -6.82597
        ]
      },
      "properties": {
        "FID": 79,
        "nama_ssid": "BALAI DESA COKROWATI",
        "nama_desa": " Cokrowati\t",
        "fasilitato": "pemerintah_desa",
        "alamat": "Jl. Gunung Sredek No. 01 Cokrowati Kode Pos 62353",
        "foto": " "
      }
    },
    {
      "type": "Feature",
      "id": 80,
      "geometry": {
        "type": "Point",
        "coordinates": [
          111.8220745,
          -6.80847
        ]
      },
      "properties": {
        "FID": 80,
        "nama_ssid": "BALAI DESA PULOGEDE\t",
        "nama_desa": "Pulogede\t",
        "fasilitato": "pemerintah_desa",
        "alamat": "RT. 01 RW. 02 Dusun Tanjang Kode Pos 35253",
        "foto": " "
      }
    },
    {
      "type": "Feature",
      "id": 81,
      "geometry": {
        "type": "Point",
        "coordinates": [
          111.8321857,
          -6.80206
        ]
      },
      "properties": {
        "FID": 81,
        "nama_ssid": "BALAI DESA GADON\t",
        "nama_desa": "Gadon",
        "fasilitato": "pemerintah_desa",
        "alamat": "Jl. Raya Gadon No. 25 Kode Pos 62353\t",
        "foto": " "
      }
    },
    {
      "type": "Feature",
      "id": 82,
      "geometry": {
        "type": "Point",
        "coordinates": [
          111.822962,
          -6.81989
        ]
      },
      "properties": {
        "FID": 82,
        "nama_ssid": "BALAI DESA SOTANG",
        "nama_desa": "Sotang\t\t",
        "fasilitato": "pemerintah_desa",
        "alamat": "Jl. RT 01 RW 02 Desa Sotang Kode Pos 62353",
        "foto": " "
      }
    },
    {
      "type": "Feature",
      "id": 83,
      "geometry": {
        "type": "Point",
        "coordinates": [
          111.8363168,
          -6.80237
        ]
      },
      "properties": {
        "FID": 83,
        "nama_ssid": "BALAI DESA PABEYAN",
        "nama_desa": "Pabeyan",
        "fasilitato": "pemerintah_desa",
        "alamat": "Jl. Raya Pabeyan No. 352 Kode Pos 62353",
        "foto": " "
      }
    },
    {
      "type": "Feature",
      "id": 84,
      "geometry": {
        "type": "Point",
        "coordinates": [
          111.8391944,
          -6.81702
        ]
      },
      "properties": {
        "FID": 84,
        "nama_ssid": "BALAI DESA KLUTUK",
        "nama_desa": "Klutuk",
        "fasilitato": "pemerintah_desa",
        "alamat": "Jl. Wiroguno No. 8 Klutuk Kode Pos 62353",
        "foto": " "
      }
    },
    {
      "type": "Feature",
      "id": 85,
      "geometry": {
        "type": "Point",
        "coordinates": [
          111.8447092,
          -6.80247
        ]
      },
      "properties": {
        "FID": 85,
        "nama_ssid": "BALAI DESA TAMBAKBOYO",
        "nama_desa": "Tambakboyo",
        "fasilitato": " ",
        "alamat": "Jl. Raya Tuban - Semarang KM 30 Tambakboyo Kode Pos 62353",
        "foto": " "
      }
    },
    {
      "type": "Feature",
      "id": 86,
      "geometry": {
        "type": "Point",
        "coordinates": [
          111.8436947,
          -6.81343
        ]
      },
      "properties": {
        "FID": 86,
        "nama_ssid": "BALAI DESA DASIN",
        "nama_desa": "Dasin",
        "fasilitato": "pemerintah_desa",
        "alamat": "BALAI DESA DASIN",
        "foto": " "
      }
    },
    {
      "type": "Feature",
      "id": 87,
      "geometry": {
        "type": "Point",
        "coordinates": [
          111.85005,
          -6.80166
        ]
      },
      "properties": {
        "FID": 87,
        "nama_ssid": "BALAI DESA KENANTI",
        "nama_desa": "Kenanti",
        "fasilitato": "pemerintah_desa",
        "alamat": "Jl. Raya Kenanti No. 25 Kode Pos 62353",
        "foto": " "
      }
    },
    {
      "type": "Feature",
      "id": 88,
      "geometry": {
        "type": "Point",
        "coordinates": [
          111.868418,
          -6.81058
        ]
      },
      "properties": {
        "FID": 88,
        "nama_ssid": "BALAI DESA SAWIR",
        "nama_desa": "Sawir\t",
        "fasilitato": "pemerintah_desa",
        "alamat": "Jl. Sawir - Merkawang No. 01 Sawir Kode Pos 62353\t",
        "foto": " "
      }
    },
    {
      "type": "Feature",
      "id": 89,
      "geometry": {
        "type": "Point",
        "coordinates": [
          111.8614893,
          -6.80151
        ]
      },
      "properties": {
        "FID": 89,
        "nama_ssid": "BALAI DESA SOBONTORO",
        "nama_desa": "Sobontoro\t",
        "fasilitato": "pemerintah_desa",
        "alamat": "Jl. Raya Sobontoro Kode Pos 62353\t",
        "foto": " "
      }
    },
    {
      "type": "Feature",
      "id": 90,
      "geometry": {
        "type": "Point",
        "coordinates": [
          111.890235766247,
          -6.806828061924724
        ]
      },
      "properties": {
        "FID": 90,
        "nama_ssid": "BALAI DESA MERKAWANG",
        "nama_desa": "Merkawang\t",
        "fasilitato": "pemerintah_desa",
        "alamat": "Jl. Maulana Ishaq No. 1 Merkawang Kode Pos 62353\t",
        "foto": " "
      }
    },
    {
      "type": "Feature",
      "id": 91,
      "geometry": {
        "type": "Point",
        "coordinates": [
          111.89295,
          -6.79357
        ]
      },
      "properties": {
        "FID": 91,
        "nama_ssid": "BALAI DESA GLODONGGEDE",
        "nama_desa": "Glodonggede",
        "fasilitato": " ",
        "alamat": "Jl. Glondong - Kerek No. 3 Glondonggede Kode Pos 62353",
        "foto": " "
      }
    },
    {
      "type": "Feature",
      "id": 92,
      "geometry": {
        "type": "Point",
        "coordinates": [
          111.7504897,
          -6.97067
        ]
      },
      "properties": {
        "FID": 92,
        "nama_ssid": "BALAI DESA LAJO KIDUL",
        "nama_desa": "Lajo Kidul",
        "fasilitato": "pemerintah_desa",
        "alamat": "Jl. Raya Lajo No 01 Lajo Kidul Kode Pos 62361",
        "foto": " "
      }
    },
    {
      "type": "Feature",
      "id": 93,
      "geometry": {
        "type": "Point",
        "coordinates": [
          111.7500697,
          -6.96995
        ]
      },
      "properties": {
        "FID": 93,
        "nama_ssid": "BALAI DESA LAJO LOR",
        "nama_desa": "Lajo Lor",
        "fasilitato": "pemerintah_desa",
        "alamat": "Jl. Diponegoro No. 108 Lajo Lor Kode Pos 62361",
        "foto": " "
      }
    },
    {
      "type": "Feature",
      "id": 94,
      "geometry": {
        "type": "Point",
        "coordinates": [
          111.7585577,
          -6.97955
        ]
      },
      "properties": {
        "FID": 94,
        "nama_ssid": "BALAI DESA TANGGIR",
        "nama_desa": "Tanggir",
        "fasilitato": "pemerintah_desa",
        "alamat": "Jl. Raya Tanggir No. 01 Tanggir Kode Pos 62361",
        "foto": " "
      }
    },
    {
      "type": "Feature",
      "id": 95,
      "geometry": {
        "type": "Point",
        "coordinates": [
          111.7701842,
          -7.00526
        ]
      },
      "properties": {
        "FID": 95,
        "nama_ssid": "BALAI DESA TANJUNGREJO",
        "nama_desa": "Tanjungrejo",
        "fasilitato": "pemerintah_desa",
        "alamat": "Jl. Raya Singonolo No. 1 Kode Pos 62361",
        "foto": " "
      }
    },
    {
      "type": "Feature",
      "id": 96,
      "geometry": {
        "type": "Point",
        "coordinates": [
          111.7752965,
          -7.02442
        ]
      },
      "properties": {
        "FID": 96,
        "nama_ssid": "BALAI DESA BINANGUN",
        "nama_desa": "inangun",
        "fasilitato": "pemerintah_desa",
        "alamat": "Jl. Manunggal No. 201 Kode Pos 62361",
        "foto": " "
      }
    },
    {
      "type": "Feature",
      "id": 97,
      "geometry": {
        "type": "Point",
        "coordinates": [
          111.7742443,
          -6.99683
        ]
      },
      "properties": {
        "FID": 97,
        "nama_ssid": "BALAI DESA MERGOSARI",
        "nama_desa": "Mergosari",
        "fasilitato": "pemerintah_desa",
        "alamat": "Jl. Masjid Al Haq No. 01 Kode Pos 62361",
        "foto": " "
      }
    },
    {
      "type": "Feature",
      "id": 98,
      "geometry": {
        "type": "Point",
        "coordinates": [
          111.7852826,
          -6.97176
        ]
      },
      "properties": {
        "FID": 98,
        "nama_ssid": "BALAI DESA MULYOAGUNG",
        "nama_desa": "Mulyoagung",
        "fasilitato": "pemerintah_desa",
        "alamat": "Jl. Panglima Sudirman No.74 Kode Pos 62361",
        "foto": " "
      }
    },
    {
      "type": "Feature",
      "id": 99,
      "geometry": {
        "type": "Point",
        "coordinates": [
          111.7860814,
          -7.00993
        ]
      },
      "properties": {
        "FID": 99,
        "nama_ssid": "BALAI DESA TUNGGULREJO",
        "nama_desa": "Tunggulrejo",
        "fasilitato": "pemerintah_desa",
        "alamat": "Jl. Mawar No. 32 Desa Tunggulrejo Kode Pos 62361",
        "foto": " "
      }
    },
    {
      "type": "Feature",
      "id": 100,
      "geometry": {
        "type": "Point",
        "coordinates": [
          111.7936502,
          -6.97489
        ]
      },
      "properties": {
        "FID": 100,
        "nama_ssid": "BALAI DESA TINGKIS",
        "nama_desa": "Tingkis",
        "fasilitato": "pemerintah_desa",
        "alamat": "Jl. Panglima Sudirman No. 01 Kode Pos 62361",
        "foto": " "
      }
    },
    {
      "type": "Feature",
      "id": 101,
      "geometry": {
        "type": "Point",
        "coordinates": [
          111.7916124,
          -6.9977
        ]
      },
      "properties": {
        "FID": 101,
        "nama_ssid": "'BALAI DESA MULYOREJO",
        "nama_desa": "Mulyorejo",
        "fasilitato": "pemerintah_desa",
        "alamat": "Jl. RA. ,Kartini No 5 Kode Pos 62361'",
        "foto": " "
      }
    },
    {
      "type": "Feature",
      "id": 102,
      "geometry": {
        "type": "Point",
        "coordinates": [
          111.7857513,
          -7.02747
        ]
      },
      "properties": {
        "FID": 102,
        "nama_ssid": "BALAI DESA SARINGEMBAT",
        "nama_desa": "Saringembat",
        "fasilitato": "pemerintah_desa",
        "alamat": "Jl. RA. Kartini No. 102 Kode Pos 62361",
        "foto": " "
      }
    },
    {
      "type": "Feature",
      "id": 103,
      "geometry": {
        "type": "Point",
        "coordinates": [
          111.7904765,
          -7.00793
        ]
      },
      "properties": {
        "FID": 103,
        "nama_ssid": "BALAI DESA KEDUNGJAMBE",
        "nama_desa": "Kedungjambe",
        "fasilitato": " ",
        "alamat": "Jl. A. Yani No. 194 Kedungjambe Kode Pos 62361",
        "foto": " "
      }
    },
    {
      "type": "Feature",
      "id": 104,
      "geometry": {
        "type": "Point",
        "coordinates": [
          111.80807959925441,
          -6.877867398976062
        ]
      },
      "properties": {
        "FID": 104,
        "nama_ssid": "BALAI DESA GEMULUNG",
        "nama_desa": "Gemulung",
        "fasilitato": " ",
        "alamat": "Jl. Raya Desa Gemulung Kerek Kode Pos 62356",
        "foto": " "
      }
    },
    {
      "type": "Feature",
      "id": 105,
      "geometry": {
        "type": "Point",
        "coordinates": [
          111.8215064402429,
          -6.919597422049134
        ]
      },
      "properties": {
        "FID": 105,
        "nama_ssid": "BALAI DESA SIDONGANTI",
        "nama_desa": "Sidonganti",
        "fasilitato": "pemerintah_desa",
        "alamat": "Jl. Raya Sidonganti Kerek Kode Pos 62356",
        "foto": " "
      }
    },
    {
      "type": "Feature",
      "id": 106,
      "geometry": {
        "type": "Point",
        "coordinates": [
          111.81517980412596,
          -6.89065308511998
        ]
      },
      "properties": {
        "FID": 106,
        "nama_ssid": "BALAI DESA TRANTANG",
        "nama_desa": "Trantang",
        "fasilitato": "pemerintah_desa",
        "alamat": "Jl. Sumur Gede No. 01 Trantang Kode Pos 62356'",
        "foto": " "
      }
    },
    {
      "type": "Feature",
      "id": 107,
      "geometry": {
        "type": "Point",
        "coordinates": [
          111.8414089298714,
          -6.871403406339796
        ]
      },
      "properties": {
        "FID": 107,
        "nama_ssid": "BALAI DESA WOLUTENGAH",
        "nama_desa": "Wolutengah",
        "fasilitato": "pemerintah_desa",
        "alamat": "Jl. Raya Wolutengah No. 333 Kode Pos 62356",
        "foto": " "
      }
    },
    {
      "type": "Feature",
      "id": 108,
      "geometry": {
        "type": "Point",
        "coordinates": [
          111.84814208897915,
          -6.916827720816078
        ]
      },
      "properties": {
        "FID": 108,
        "nama_ssid": "BALAI DESA TENGGERWETAN",
        "nama_desa": "Tenggerwetan",
        "fasilitato": "pemerintah_desa",
        "alamat": "Jl. Raya Tenggerwetan No.569 Kode Pos 62356",
        "foto": " "
      }
    },
    {
      "type": "Feature",
      "id": 109,
      "geometry": {
        "type": "Point",
        "coordinates": [
          111.8608454455236,
          -6.875446971868099
        ]
      },
      "properties": {
        "FID": 109,
        "nama_ssid": "BALAI DESA GAJI",
        "nama_desa": "Gaji",
        "fasilitato": "pemerintah_desa",
        "alamat": "Jalan Raya Gaji No. 982 A Kode Pos 62356",
        "foto": " "
      }
    },
    {
      "type": "Feature",
      "id": 110,
      "geometry": {
        "type": "Point",
        "coordinates": [
          111.87689630996933,
          -6.9321214580914265
        ]
      },
      "properties": {
        "FID": 110,
        "nama_ssid": "BALAI DESA HARGORETNO",
        "nama_desa": "Hargoretno",
        "fasilitato": "pemerintah_desa",
        "alamat": "Jl. Raya Kerek - Montong KM. 4 Hargoretno Kode Pos 62356",
        "foto": " "
      }
    },
    {
      "type": "Feature",
      "id": 111,
      "geometry": {
        "type": "Point",
        "coordinates": [
          111.87715423923181,
          -6.889256913240873
        ]
      },
      "properties": {
        "FID": 111,
        "nama_ssid": "BALAI DESA MARGOREJO",
        "nama_desa": "Margorejo",
        "fasilitato": "pemerintah_desa",
        "alamat": "Jl. Raya Tikung Rejo No. 2007 Margorejo Kode Pos 62356",
        "foto": " "
      }
    },
    {
      "type": "Feature",
      "id": 112,
      "geometry": {
        "type": "Point",
        "coordinates": [
          111.87509524336157,
          -6.8791138192925745
        ]
      },
      "properties": {
        "FID": 112,
        "nama_ssid": "BALAI DESA KEDUNGREJO",
        "nama_desa": "Kedungrejo",
        "fasilitato": "pemerintah_desa",
        "alamat": "Jl. Raya Desa Kedungrejo",
        "foto": " "
      }
    },
    {
      "type": "Feature",
      "id": 113,
      "geometry": {
        "type": "Point",
        "coordinates": [
          111.88529138617012,
          -6.899186982073752
        ]
      },
      "properties": {
        "FID": 113,
        "nama_ssid": "BALAI DESA JAROREJO",
        "nama_desa": "Jarorejo",
        "fasilitato": "pemerintah_desa",
        "alamat": "Jl. Raya kerek montong Kode Pos 62356",
        "foto": " "
      }
    },
    {
      "type": "Feature",
      "id": 114,
      "geometry": {
        "type": "Point",
        "coordinates": [
          111.88992359596553,
          -6.834226065252108
        ]
      },
      "properties": {
        "FID": 114,
        "nama_ssid": "BALAI DESA MLIWANG",
        "nama_desa": "Mliwang",
        "fasilitato": "pemerintah_desa",
        "alamat": "Jl. Sendang Manunggal No. 400 Kode Pos 62356",
        "foto": " "
      }
    },
    {
      "type": "Feature",
      "id": 115,
      "geometry": {
        "type": "Point",
        "coordinates": [
          111.88559325663711,
          -6.873730213306669
        ]
      },
      "properties": {
        "FID": 115,
        "nama_ssid": "BALAI DESA KASIMAN'",
        "nama_desa": "Kasiman",
        "fasilitato": "pemerintah_desa",
        "alamat": "Jl. Sumur Gede Nomor 33 Kasiman Kode Pos 62356",
        "foto": " "
      }
    },
    {
      "type": "Feature",
      "id": 116,
      "geometry": {
        "type": "Point",
        "coordinates": [
          111.89065724210002,
          -6.903421554555401
        ]
      },
      "properties": {
        "FID": 116,
        "nama_ssid": "BALAI DESA TEMAYANG",
        "nama_desa": "Temayang,",
        "fasilitato": "pemerintah_desa",
        "alamat": "Jl. Pemuda No. 01 Temayang Kode Pos 62356'",
        "foto": " "
      }
    },
    {
      "type": "Feature",
      "id": 117,
      "geometry": {
        "type": "Point",
        "coordinates": [
          111.89466267649502,
          -6.878326287890833
        ]
      },
      "properties": {
        "FID": 117,
        "nama_ssid": "BALAI DESA SUMBERARUM",
        "nama_desa": "Sumberarum",
        "fasilitato": "pemerintah_desa",
        "alamat": "Jl. Raya No. 1 Desa Sumberarum Kode Pos 62356",
        "foto": " "
      }
    },
    {
      "type": "Feature",
      "id": 118,
      "geometry": {
        "type": "Point",
        "coordinates": [
          111.90708625931633,
          -6.888881573047261
        ]
      },
      "properties": {
        "FID": 118,
        "nama_ssid": "BALAI DESA KARANGLO",
        "nama_desa": "Karanglo",
        "fasilitato": "pemerintah_desa",
        "alamat": "Jl. Pemuda Nomor 28 Karanglo Kode Pos 62356",
        "foto": " "
      }
    },
    {
      "type": "Feature",
      "id": 119,
      "geometry": {
        "type": "Point",
        "coordinates": [
          111.9041393933193,
          -6.901376119701931
        ]
      },
      "properties": {
        "FID": 119,
        "nama_ssid": "BALAI DESA PADASAN",
        "nama_desa": "Padasan",
        "fasilitato": "pemerintah_desa",
        "alamat": "Jl. Kesadaran No. 1 Desa Padasan Kode Pos 62356",
        "foto": " "
      }
    },
    {
      "type": "Feature",
      "id": 120,
      "geometry": {
        "type": "Point",
        "coordinates": [
          111.78741268815455,
          -7.047829509752521
        ]
      },
      "properties": {
        "FID": 120,
        "nama_ssid": "BALAI DESA SEMBUNG",
        "nama_desa": "Sembung",
        "fasilitato": "pemerintah_desa",
        "alamat": "Jl. Diponegoro Nomor 48 Kode Pos 62366",
        "foto": " "
      }
    },
    {
      "type": "Feature",
      "id": 121,
      "geometry": {
        "type": "Point",
        "coordinates": [
          111.7438603,
          -6.8088863
        ]
      },
      "properties": {
        "FID": 121,
        "nama_ssid": "BALAI DESA SUMBERAN",
        "nama_desa": "Sumberan",
        "fasilitato": "pemerintah_desa",
        "alamat": "Jl. Desa Sumberan Bancar Kode Pos 62354",
        "foto": " "
      }
    },
    {
      "type": "Feature",
      "id": 122,
      "geometry": {
        "type": "Point",
        "coordinates": [
          111.6409119,
          -6.8817178
        ]
      },
      "properties": {
        "FID": 122,
        "nama_ssid": "BALAI DESA JOMBOK",
        "nama_desa": "Jombok",
        "fasilitato": "pemerintah_desa",
        "alamat": "Jl. Karangtengah No. 08 Jombok-Jatirogo Kode Pos 62362",
        "foto": " "
      }
    },
    {
      "type": "Feature",
      "id": 123,
      "geometry": {
        "type": "Point",
        "coordinates": [
          111.722091,
          -6.9772218
        ]
      },
      "properties": {
        "FID": 123,
        "nama_ssid": "BALAI DESA KEDUNGHARJO",
        "nama_desa": "Kedungharjo",
        "fasilitato": "pemerintah_desa",
        "alamat": "Jl. Desa Kedungharjo No 88 Kode Pos 62364",
        "foto": " "
      }
    },
    {
      "type": "Feature",
      "id": 124,
      "geometry": {
        "type": "Point",
        "coordinates": [
          111.80019253914777,
          -7.057764433429905
        ]
      },
      "properties": {
        "FID": 124,
        "nama_ssid": "BALAI DESA KEMLATEN",
        "nama_desa": "Kemlaten",
        "fasilitato": "pemerintah_desa",
        "alamat": "Jl. Raya Brangkal - Sembung KM. 10 Kode Pos 62366",
        "foto": " "
      }
    },
    {
      "type": "Feature",
      "id": 125,
      "geometry": {
        "type": "Point",
        "coordinates": [
          111.8142012398337,
          -7.0605371151424965
        ]
      },
      "properties": {
        "FID": 125,
        "nama_ssid": "BALAI DESA SUKOREJO",
        "nama_desa": "Sukorejo",
        "fasilitato": "pemerintah_desa",
        "alamat": "Jl. Jendral Sudirman Nomor 27 Kode Pos 62366",
        "foto": " "
      }
    },
    {
      "type": "Feature",
      "id": 126,
      "geometry": {
        "type": "Point",
        "coordinates": [
          111.80742638195946,
          -7.034963734408016
        ]
      },
      "properties": {
        "FID": 126,
        "nama_ssid": "BALAI DESA NGAWUN",
        "nama_desa": "Ngawun",
        "fasilitato": "pemerintah_desa",
        "alamat": "Jl. Raya Bojonegoro-Jatirogo KM 21 Kode Pos 62366",
        "foto": " "
      }
    },
    {
      "type": "Feature",
      "id": 127,
      "geometry": {
        "type": "Point",
        "coordinates": [
          111.94663892123097,
          -6.871713894370879
        ]
      },
      "properties": {
        "FID": 127,
        "nama_ssid": "BALAI DESA PONGPONGAN",
        "nama_desa": "Pongpongan",
        "fasilitato": "pemerintah_desa",
        "alamat": "Jl. Desa Pongpongan No 07 Kode Pos 62355",
        "foto": " "
      }
    },
    {
      "type": "Feature",
      "id": 128,
      "geometry": {
        "type": "Point",
        "coordinates": [
          111.80852414302443,
          -7.061331332869184
        ]
      },
      "properties": {
        "FID": 128,
        "nama_ssid": "BALAI DESA MERGOASRI",
        "nama_desa": "Mergoasri",
        "fasilitato": "pemerintah_desa",
        "alamat": "Jalan Raya Sembung Brangkal Nomor 001 Kode Pos 62366",
        "foto": " "
      }
    },
    {
      "type": "Feature",
      "id": 129,
      "geometry": {
        "type": "Point",
        "coordinates": [
          111.9711297386561,
          -6.873498122132556
        ]
      },
      "properties": {
        "FID": 129,
        "nama_ssid": "BALAI DESA TUWIRI KULON",
        "nama_desa": "Tuwiri Kulon",
        "fasilitato": "pemerintah_desa",
        "alamat": "Jl. Raya Merakurak - Kerek Nomor 80 Kode Pos 62355",
        "foto": " "
      }
    },
    {
      "type": "Feature",
      "id": 130,
      "geometry": {
        "type": "Point",
        "coordinates": [
          111.94865617765998,
          -6.840406888971188
        ]
      },
      "properties": {
        "FID": 130,
        "nama_ssid": "BALAI DESA SUGIHAN",
        "nama_desa": "Sugihan",
        "fasilitato": "pemerintah_desa",
        "alamat": "Jl. Sugihan - Tobo Desa Desa Sugihan Kode Pos 62355",
        "foto": " "
      }
    },
    {
      "type": "Feature",
      "id": 131,
      "geometry": {
        "type": "Point",
        "coordinates": [
          111.82421620562805,
          -7.071134357784818
        ]
      },
      "properties": {
        "FID": 131,
        "nama_ssid": "BALAI DESA KUMPULREJO",
        "nama_desa": "Kumpulrejo",
        "fasilitato": "pemerintah_desa",
        "alamat": "Jl. Darmabakti No 76 Kumpulrejo Kode Pos 62366",
        "foto": " "
      }
    },
    {
      "type": "Feature",
      "id": 132,
      "geometry": {
        "type": "Point",
        "coordinates": [
          111.96035942779311,
          -6.870685174251157
        ]
      },
      "properties": {
        "FID": 132,
        "nama_ssid": "BALAI DESA SENORI",
        "nama_desa": "Senori",
        "fasilitato": "pemerintah_desa",
        "alamat": "Jl. Raya Merakurak-Kerek Nomor267 Senori Kode Pos 62355",
        "foto": " "
      }
    },
    {
      "type": "Feature",
      "id": 133,
      "geometry": {
        "type": "Point",
        "coordinates": [
          111.84478622106032,
          -7.069615482334689
        ]
      },
      "properties": {
        "FID": 133,
        "nama_ssid": "BALAI DESA PARANGBATU",
        "nama_desa": "Parangbatu",
        "fasilitato": "pemerintah_desa",
        "alamat": "Jl. Cokrokusumo Nomor 20 Kode Pos 62366",
        "foto": " "
      }
    },
    {
      "type": "Feature",
      "id": 134,
      "geometry": {
        "type": "Point",
        "coordinates": [
          111.95661130244046,
          -6.862875179044237
        ]
      },
      "properties": {
        "FID": 134,
        "nama_ssid": "BALAI DESA SEMBUNGREJO",
        "nama_desa": "Sembungrejo",
        "fasilitato": "pemerintah_desa",
        "alamat": "Jl. Raya Senori - Sugihan Desa Sembungrejo Kode Pos 62355",
        "foto": " "
      }
    },
    {
      "type": "Feature",
      "id": 135,
      "geometry": {
        "type": "Point",
        "coordinates": [
          111.8683125796781,
          -7.035343321931638
        ]
      },
      "properties": {
        "FID": 135,
        "nama_ssid": "BALAI DESA WUKIRHARJO",
        "nama_desa": "Wukirharjo",
        "fasilitato": "pemerintah_desa",
        "alamat": "Jl. Kiyai Girik Nomor 267 Kode Pos 62366",
        "foto": " "
      }
    },
    {
      "type": "Feature",
      "id": 136,
      "geometry": {
        "type": "Point",
        "coordinates": [
          111.9884499146028,
          -6.889844828017843
        ]
      },
      "properties": {
        "FID": 136,
        "nama_ssid": "BALAI DESA KAPU",
        "nama_desa": "Kapu",
        "fasilitato": "pemerintah_desa",
        "alamat": "Jl. Raya Kapu Merakurak Kode Pos 62355",
        "foto": " "
      }
    },
    {
      "type": "Feature",
      "id": 137,
      "geometry": {
        "type": "Point",
        "coordinates": [
          111.84319209674142,
          -7.080778053741796
        ]
      },
      "properties": {
        "FID": 137,
        "nama_ssid": "BALAI DESA CENGKONG",
        "nama_desa": "Cengkong",
        "fasilitato": "pemerintah_desa",
        "alamat": "Jl. Buyut Lanjar Nomor 05 Cengkong Kode Pos 62366",
        "foto": " "
      }
    },
    {
      "type": "Feature",
      "id": 138,
      "geometry": {
        "type": "Point",
        "coordinates": [
          111.84615474182638,
          -7.085607748445672
        ]
      },
      "properties": {
        "FID": 138,
        "nama_ssid": "BALAI DESA BRANGKAL",
        "nama_desa": "Brangkal",
        "fasilitato": "pemerintah_desa",
        "alamat": "Jl. Veteran Nomor279 Brangkal Parengan Tuban Kode Pos 62366",
        "foto": " "
      }
    },
    {
      "type": "Feature",
      "id": 139,
      "geometry": {
        "type": "Point",
        "coordinates": [
          111.99210700357301,
          -6.895593417135135
        ]
      },
      "properties": {
        "FID": 139,
        "nama_ssid": "BALAI DESA TAHULU",
        "nama_desa": "Tahulu",
        "fasilitato": "pemerintah_desa",
        "alamat": "Jl. Gunojoyo No 01 Tahulu Kode Pos 62355",
        "foto": " "
      }
    },
    {
      "type": "Feature",
      "id": 140,
      "geometry": {
        "type": "Point",
        "coordinates": [
          111.85124652072355,
          -7.098683916183305
        ]
      },
      "properties": {
        "FID": 140,
        "nama_ssid": "BALAI DESA MARGOREJO",
        "nama_desa": "Margorejo",
        "fasilitato": "pemerintah_desa",
        "alamat": "Jl. Sawahan Nomor 01 Kode Pos 62366",
        "foto": " "
      }
    },
    {
      "type": "Feature",
      "id": 141,
      "geometry": {
        "type": "Point",
        "coordinates": [
          112.00474942541135,
          -6.9032439140015605
        ]
      },
      "properties": {
        "FID": 141,
        "nama_ssid": "BALAI DESA TEGALREJO",
        "nama_desa": "Tegalrejo",
        "fasilitato": "pemerintah_desa",
        "alamat": "Jl. Balai Desa Nomor 264 Tegalrejo Kode Pos 62355",
        "foto": " "
      }
    },
    {
      "type": "Feature",
      "id": 142,
      "geometry": {
        "type": "Point",
        "coordinates": [
          111.88866898078781,
          -7.020527052124285
        ]
      },
      "properties": {
        "FID": 142,
        "nama_ssid": "BALAI DESA DAGANGAN",
        "nama_desa": "Dagangan",
        "fasilitato": "pemerintah_desa",
        "alamat": "Jl. Tumenggung Aryo Tedjo 18 Dagangan Kode Pos 62366",
        "foto": " "
      }
    },
    {
      "type": "Feature",
      "id": 143,
      "geometry": {
        "type": "Point",
        "coordinates": [
          111.97218564203605,
          -6.86953663051072
        ]
      },
      "properties": {
        "FID": 143,
        "nama_ssid": "BALAI DESA BOREHBANGLE",
        "nama_desa": "Borehbangle",
        "fasilitato": "pemerintah_desa",
        "alamat": "Jl. Desa Borehbangle Kec. Merakurak Kode Pos 62355",
        "foto": " "
      }
    },
    {
      "type": "Feature",
      "id": 144,
      "geometry": {
        "type": "Point",
        "coordinates": [
          111.86103154085858,
          -7.104946369187776
        ]
      },
      "properties": {
        "FID": 144,
        "nama_ssid": "BALAI DESA SUCIHARJO",
        "nama_desa": "Suciharjo",
        "fasilitato": "pemerintah_desa",
        "alamat": "Jl. Raya Ponco Soko Nomor 02 Suciharjo Kode Pos 62366",
        "foto": " "
      }
    },
    {
      "type": "Feature",
      "id": 145,
      "geometry": {
        "type": "Point",
        "coordinates": [
          111.98492759600646,
          -6.879941766163054
        ]
      },
      "properties": {
        "FID": 145,
        "nama_ssid": "BALAI DESA SAMBONGGEDE",
        "nama_desa": "Sambonggede",
        "fasilitato": "pemerintah_desa",
        "alamat": "Jl. Pemuda Desa Sambonggede Merakurak",
        "foto": " "
      }
    },
    {
      "type": "Feature",
      "id": 146,
      "geometry": {
        "type": "Point",
        "coordinates": [
          111.8697761537831,
          -7.057300853874984
        ]
      },
      "properties": {
        "FID": 146,
        "nama_ssid": "BALAI DESA PACING",
        "nama_desa": "Pacing",
        "fasilitato": "pemerintah_desa",
        "alamat": "Jl. Raya Imam Bonjol Nomor 07 Pacing Parengan Kode Pos 62366",
        "foto": " "
      }
    },
    {
      "type": "Feature",
      "id": 147,
      "geometry": {
        "type": "Point",
        "coordinates": [
          111.98445245351544,
          -6.860079153423813
        ]
      },
      "properties": {
        "FID": 147,
        "nama_ssid": "BALAI DESA SUMBER",
        "nama_desa": "Sumber",
        "fasilitato": "pemerintah_desa",
        "alamat": "Jl. Raya Desa Sumber Nomor8 Kode Pos 62355",
        "foto": " "
      }
    },
    {
      "type": "Feature",
      "id": 148,
      "geometry": {
        "type": "Point",
        "coordinates": [
          111.86049362197215,
          -7.112338704152821
        ]
      },
      "properties": {
        "FID": 148,
        "nama_ssid": "BALAI DESA SELOGABUS",
        "nama_desa": "Selogabus",
        "fasilitato": "pemerintah_desa",
        "alamat": "Jl. Prapatan Pasar Pulo Nomor 01 Kode Pos 62366",
        "foto": " "
      }
    },
    {
      "type": "Feature",
      "id": 149,
      "geometry": {
        "type": "Point",
        "coordinates": [
          111.99502368601658,
          -6.881019608529434
        ]
      },
      "properties": {
        "FID": 149,
        "nama_ssid": "BALAI DESA MANDIREJO",
        "nama_desa": "Mandirejo",
        "fasilitato": "pemerintah_desa",
        "alamat": "Jl. Prof. Dr. KH. Fatkhurrahman Kafrawi Nomor 09 Mandirejo Kode Pos 62355",
        "foto": " "
      }
    },
    {
      "type": "Feature",
      "id": 150,
      "geometry": {
        "type": "Point",
        "coordinates": [
          111.88099736055696,
          -7.097109742905029
        ]
      },
      "properties": {
        "FID": 150,
        "nama_ssid": "BALAI DESA SUGIHWARAS",
        "nama_desa": "Sugihwaras",
        "fasilitato": "pemerintah_desa",
        "alamat": "Jl. Poros Mojomalang - Jati KM.01 Kode Pos 62366",
        "foto": " "
      }
    },
    {
      "type": "Feature",
      "id": 151,
      "geometry": {
        "type": "Point",
        "coordinates": [
          112.0016586085694,
          -6.87517026279556
        ]
      },
      "properties": {
        "FID": 151,
        "nama_ssid": "BALAI DESA SENDANGHAJI",
        "nama_desa": "Sendanghaji",
        "fasilitato": "pemerintah_desa",
        "alamat": "Jl. Desa Sendanghaji RT 02 RW 01 Kode Pos 62355",
        "foto": " "
      }
    },
    {
      "type": "Feature",
      "id": 152,
      "geometry": {
        "type": "Point",
        "coordinates": [
          111.876325,
          -7.12896
        ]
      },
      "properties": {
        "FID": 152,
        "nama_ssid": "BALAI DESA SENDANGREJO",
        "nama_desa": "Sendangrejo",
        "fasilitato": "pemerintah_desa",
        "alamat": "Jl. Raya Bojonegoro - Jatirogo Nomor 115 Kode Pos 62366",
        "foto": " "
      }
    },
    {
      "type": "Feature",
      "id": 153,
      "geometry": {
        "type": "Point",
        "coordinates": [
          112.01600412256964,
          -6.8807516387232885
        ]
      },
      "properties": {
        "FID": 153,
        "nama_ssid": "BALAI DESA BOGOREJO",
        "nama_desa": "Bogorejo",
        "fasilitato": "pemerintah_desa",
        "alamat": "Jl. Bogorejo I Kode Pos 62355",
        "foto": " "
      }
    },
    {
      "type": "Feature",
      "id": 154,
      "geometry": {
        "type": "Point",
        "coordinates": [
          111.878394921914,
          -7.1082782109755565
        ]
      },
      "properties": {
        "FID": 154,
        "nama_ssid": "BALAI DESA MOJOMALANG",
        "nama_desa": "Mojomalang",
        "fasilitato": "pemerintah_desa",
        "alamat": "Jl. Raya Ponco-Soko km 1 Kode Pos 62366",
        "foto": " "
      }
    },
    {
      "type": "Feature",
      "id": 155,
      "geometry": {
        "type": "Point",
        "coordinates": [
          112.00785148347317,
          -6.86759299973855
        ]
      },
      "properties": {
        "FID": 155,
        "nama_ssid": "BALAI DESA SUMBERJO",
        "nama_desa": "Sumberjo",
        "fasilitato": "pemerintah_desa",
        "alamat": "Jl. Sumberjo 5 Desa Sumberjo Kode Pos 62355",
        "foto": " "
      }
    },
    {
      "type": "Feature",
      "id": 156,
      "geometry": {
        "type": "Point",
        "coordinates": [
          111.83480631337494,
          -6.951881574671088
        ]
      },
      "properties": {
        "FID": 156,
        "nama_ssid": "BALAI DESA GUWOTERUS",
        "nama_desa": "Guwoterus",
        "fasilitato": "pemerintah_desa",
        "alamat": "Jl. Raya Montong - Jojogan Nomor 162 Kode Pos 62357",
        "foto": " "
      }
    },
    {
      "type": "Feature",
      "id": 157,
      "geometry": {
        "type": "Point",
        "coordinates": [
          111.9698055845433,
          -7.087127194166126
        ]
      },
      "properties": {
        "FID": 157,
        "nama_ssid": "BALAI DESA KEBONAGUNG",
        "nama_desa": "Kebonagung",
        "fasilitato": "pemerintah_desa",
        "alamat": "Jl. Masjid At-Taqwa Nomor 03 Kode Pos 62371",
        "foto": " "
      }
    },
    {
      "type": "Feature",
      "id": 158,
      "geometry": {
        "type": "Point",
        "coordinates": [
          111.8378882806146,
          -6.978151869017029
        ]
      },
      "properties": {
        "FID": 158,
        "nama_ssid": "BALAI DESA NGULUHAN",
        "nama_desa": "Nguluhan",
        "fasilitato": "pemerintah_desa",
        "alamat": "Jl. Kedungjero Nomor84 Kode Pos 62357",
        "foto": " "
      }
    },
    {
      "type": "Feature",
      "id": 159,
      "geometry": {
        "type": "Point",
        "coordinates": [
          111.97537682076376,
          -7.071683515036488
        ]
      },
      "properties": {
        "FID": 159,
        "nama_ssid": "BALAI DESA PEKUWON",
        "nama_desa": "Pekuwon",
        "fasilitato": "pemerintah_desa",
        "alamat": "Jl. Nggatang Nomor 17 Pekuwon Kode Pos 62371",
        "foto": " "
      }
    },
    {
      "type": "Feature",
      "id": 160,
      "geometry": {
        "type": "Point",
        "coordinates": [
          111.85113831295455,
          -6.995092084996766
        ]
      },
      "properties": {
        "FID": 160,
        "nama_ssid": "BALAI DESA TANGGULANGIN",
        "nama_desa": "Tanggulangin",
        "fasilitato": "pemerintah_desa",
        "alamat": "Jl. Raya Tanggulangin Nomor 354 Kode Pos 62357",
        "foto": " "
      }
    },
    {
      "type": "Feature",
      "id": 161,
      "geometry": {
        "type": "Point",
        "coordinates": [
          112.00816899498408,
          -7.062624377439922
        ]
      },
      "properties": {
        "FID": 161,
        "nama_ssid": "BALAI DESA RENGEL",
        "nama_desa": "Rengel",
        "fasilitato": "pemerintah_desa",
        "alamat": "Jl. A. Yani Nomor 35 Kecamatan Rengel Kode Pos 62371",
        "foto": " "
      }
    },
    {
      "type": "Feature",
      "id": 162,
      "geometry": {
        "type": "Point",
        "coordinates": [
          111.84012630835308,
          -7.017389640126326
        ]
      },
      "properties": {
        "FID": 162,
        "nama_ssid": "BALAI DESA MANJUNG",
        "nama_desa": "Manjung",
        "fasilitato": "pemerintah_desa",
        "alamat": "Jl. Raya Manjung - Montong Nomor 1 Kode Pos 62357",
        "foto": " "
      }
    },
    {
      "type": "Feature",
      "id": 163,
      "geometry": {
        "type": "Point",
        "coordinates": [
          111.98408191303996,
          -7.071945167664657
        ]
      },
      "properties": {
        "FID": 163,
        "nama_ssid": "BALAI DESA MAIBIT",
        "nama_desa": "Maibit",
        "fasilitato": "pemerintah_desa",
        "alamat": "Jl. Diponegoro Nomor 100 Kode Pos 26371",
        "foto": " "
      }
    },
    {
      "type": "Feature",
      "id": 164,
      "geometry": {
        "type": "Point",
        "coordinates": [
          111.85924085533827,
          -6.9584422561014145
        ]
      },
      "properties": {
        "FID": 164,
        "nama_ssid": "BALAI DESA TALANGKEMBAR",
        "nama_desa": "Talangkembar",
        "fasilitato": "pemerintah_desa",
        "alamat": "Jl. Raya Montong, Krajan, Talangkembar Kode Pos 62357",
        "foto": " "
      }
    },
    {
      "type": "Feature",
      "id": 165,
      "geometry": {
        "type": "Point",
        "coordinates": [
          111.88107461287821,
          -6.9496097256232146
        ]
      },
      "properties": {
        "FID": 165,
        "nama_ssid": "BALAI DESA MONTONGSEKAR",
        "nama_desa": "Montongsekar",
        "fasilitato": "pemerintah_desa",
        "alamat": "Jl. Raya Montong Nomor129 Montongsekar Kode Pos 62357",
        "foto": " "
      }
    },
    {
      "type": "Feature",
      "id": 166,
      "geometry": {
        "type": "Point",
        "coordinates": [
          111.97604611699002,
          -7.089954033758841
        ]
      },
      "properties": {
        "FID": 166,
        "nama_ssid": "BALAI DESA BULUREJO",
        "nama_desa": "Bulurejo",
        "fasilitato": "pemerintah_desa",
        "alamat": "Jl. Utama Desa Bulurejo Kode Pos 62371",
        "foto": " "
      }
    },
    {
      "type": "Feature",
      "id": 167,
      "geometry": {
        "type": "Point",
        "coordinates": [
          111.89369652241433,
          -6.95561985310922
        ]
      },
      "properties": {
        "FID": 167,
        "nama_ssid": "BALAI DESA PAKEL",
        "nama_desa": "Pakel",
        "fasilitato": "pemerintah_desa",
        "alamat": "Jl. Raya Pakel - Montong No 38 Pakel Kode Pos 62357",
        "foto": " "
      }
    },
    {
      "type": "Feature",
      "id": 168,
      "geometry": {
        "type": "Point",
        "coordinates": [
          111.98872741589581,
          -7.109804731700667
        ]
      },
      "properties": {
        "FID": 168,
        "nama_ssid": "BALAI DESA KARANGTINOTO",
        "nama_desa": "Karangtinoto",
        "fasilitato": "pemerintah_desa",
        "alamat": "Jl. Desa Karangtinoto Kode Pos 62371",
        "foto": " "
      }
    },
    {
      "type": "Feature",
      "id": 169,
      "geometry": {
        "type": "Point",
        "coordinates": [
          111.90581351567471,
          -6.961221384573875
        ]
      },
      "properties": {
        "FID": 169,
        "nama_ssid": "BALAI DESA SUMURGUNG",
        "nama_desa": "Sumurgung",
        "fasilitato": "pemerintah_desa",
        "alamat": "Jl. KH. Marzuki Nomor 01 Sumurgung Kode Pos 62357",
        "foto": " "
      }
    },
    {
      "type": "Feature",
      "id": 170,
      "geometry": {
        "type": "Point",
        "coordinates": [
          111.90335958937715,
          -7.006522848908527
        ]
      },
      "properties": {
        "FID": 170,
        "nama_ssid": "BALAI DESA BRINGIN",
        "nama_desa": "Bringin",
        "fasilitato": "pemerintah_desa",
        "alamat": "Jl. Raya Desa Bringin Montong Tuban Kode Pos 62357",
        "foto": " "
      }
    },
    {
      "type": "Feature",
      "id": 171,
      "geometry": {
        "type": "Point",
        "coordinates": [
          112.00566184098729,
          -7.067659278281332
        ]
      },
      "properties": {
        "FID": 171,
        "nama_ssid": "BALAI DESA SAWAHAN",
        "nama_desa": "Sawahan",
        "fasilitato": "pemerintah_desa",
        "alamat": "Jl. Dewi Sartika Nomor 47 Sawahan Kode Pos 62371",
        "foto": " "
      }
    },
    {
      "type": "Feature",
      "id": 172,
      "geometry": {
        "type": "Point",
        "coordinates": [
          111.90271969128597,
          -6.944012658964837
        ]
      },
      "properties": {
        "FID": 172,
        "nama_ssid": "BALAI DESA PUCANGAN",
        "nama_desa": "Pucangan",
        "fasilitato": "pemerintah_desa",
        "alamat": "Jl. Raya Joyo Taruno Nomor 271 Kode Pos 62357",
        "foto": " "
      }
    },
    {
      "type": "Feature",
      "id": 173,
      "geometry": {
        "type": "Point",
        "coordinates": [
          112.00198115221092,
          -7.094170655398041
        ]
      },
      "properties": {
        "FID": 173,
        "nama_ssid": "BALAI DESA KANOREJO",
        "nama_desa": "Kanorejo",
        "fasilitato": "pemerintah_desa",
        "alamat": "Jl. Raya Kanorejo Nomor 0001 Kode Pos 62371",
        "foto": " "
      }
    },
    {
      "type": "Feature",
      "id": 174,
      "geometry": {
        "type": "Point",
        "coordinates": [
          111.92873972061078,
          -7.004547698318362
        ]
      },
      "properties": {
        "FID": 174,
        "nama_ssid": "BALAI DESA MAINDU",
        "nama_desa": "Maindu",
        "fasilitato": "pemerintah_desa",
        "alamat": "Jl. Raya Desa Maindu Bringin No 08 Kode Pos 62357",
        "foto": " "
      }
    },
    {
      "type": "Feature",
      "id": 175,
      "geometry": {
        "type": "Point",
        "coordinates": [
          112.00141255993017,
          -7.124277289667548
        ]
      },
      "properties": {
        "FID": 175,
        "nama_ssid": "BALAI DESA TAMBAKREJO",
        "nama_desa": "Tambakrejo",
        "fasilitato": "pemerintah_desa",
        "alamat": "Jl. Klubuk Mbatu Nomor01 Tambakrejo Kode Pos 62371",
        "foto": " "
      }
    },
    {
      "type": "Feature",
      "id": 176,
      "geometry": {
        "type": "Point",
        "coordinates": [
          111.90586540804703,
          -6.955529002765408
        ]
      },
      "properties": {
        "FID": 176,
        "nama_ssid": "BALAI DESA JETAK",
        "nama_desa": "Jetak",
        "fasilitato": "pemerintah_desa",
        "alamat": "Jl. KH. Chusnan Aly Nomor 01 Jetak Kode Pos 62357",
        "foto": " "
      }
    },
    {
      "type": "Feature",
      "id": 177,
      "geometry": {
        "type": "Point",
        "coordinates": [
          112.01330337426407,
          -7.070970640790753
        ]
      },
      "properties": {
        "FID": 177,
        "nama_ssid": "BALAI DESA NGADIREJO",
        "nama_desa": "Ngadirejo",
        "fasilitato": "pemerintah_desa",
        "alamat": "Jl. Tambangan No 01 Gembloraseh Desa Ngadirejo Kode Pos 62371",
        "foto": " "
      }
    },
    {
      "type": "Feature",
      "id": 178,
      "geometry": {
        "type": "Point",
        "coordinates": [
          111.91937387402078,
          -6.952658602401817
        ]
      },
      "properties": {
        "FID": 178,
        "nama_ssid": "BALAI DESA TALUN",
        "nama_desa": "Talun",
        "fasilitato": "pemerintah_desa",
        "alamat": "Jl. Pemuda Nomor 99 Talun Kode Pos 62357",
        "foto": " "
      }
    },
    {
      "type": "Feature",
      "id": 179,
      "geometry": {
        "type": "Point",
        "coordinates": [
          111.90565330233215,
          -7.064320325465309
        ]
      },
      "properties": {
        "FID": 179,
        "nama_ssid": "BALAI DESA TLUWE",
        "nama_desa": "Tluwe",
        "fasilitato": "pemerintah_desa",
        "alamat": "Jl. Raya Resi Joyo Nomor 01 Desa Tluwe Kode Pos 62372",
        "foto": " "
      }
    },
    {
      "type": "Feature",
      "id": 180,
      "geometry": {
        "type": "Point",
        "coordinates": [
          112.0078603897454,
          -6.867574666699176
        ]
      },
      "properties": {
        "FID": 180,
        "nama_ssid": "BALAI DESA SUMBEREJO",
        "nama_desa": "Sumberejo",
        "fasilitato": "pemerintah_desa",
        "alamat": "Jl. Lampah Nomor 264 Sumberejo Kode Pos 62371",
        "foto": " "
      }
    },
    {
      "type": "Feature",
      "id": 181,
      "geometry": {
        "type": "Point",
        "coordinates": [
          111.90787557977085,
          -7.052290038099715
        ]
      },
      "properties": {
        "FID": 181,
        "nama_ssid": "BALAI DESA WADUNG",
        "nama_desa": "Wadung",
        "fasilitato": "pemerintah_desa",
        "alamat": "Jl. Buyut Bener Nomor 26 Kode Pos 62372",
        "foto": " "
      }
    },
    {
      "type": "Feature",
      "id": 182,
      "geometry": {
        "type": "Point",
        "coordinates": [
          112.02885515816604,
          -7.050490838700779
        ]
      },
      "properties": {
        "FID": 182,
        "nama_ssid": "BALAI DESA PUNGGULREJO",
        "nama_desa": "Punggulrejo",
        "fasilitato": "pemerintah_desa",
        "alamat": "Jl. Raya Beron Nomor 01 Kode Pos 62371",
        "foto": " "
      }
    },
    {
      "type": "Feature",
      "id": 183,
      "geometry": {
        "type": "Point",
        "coordinates": [
          112.04451738516936,
          -7.066114327216568
        ]
      },
      "properties": {
        "FID": 183,
        "nama_ssid": "BALAI DESA CAMPUREJO",
        "nama_desa": "Campurejo",
        "fasilitato": "pemerintah_desa",
        "alamat": "Jl. Sawunggaling Nomor 2 Campurejo Kode Pos 62371",
        "foto": " "
      }
    },
    {
      "type": "Feature",
      "id": 184,
      "geometry": {
        "type": "Point",
        "coordinates": [
          111.90724832629427,
          -7.089628886676353
        ]
      },
      "properties": {
        "FID": 184,
        "nama_ssid": "BALAI DESA JATI",
        "nama_desa": "Jati",
        "fasilitato": "pemerintah_desa",
        "alamat": "Jl. Sarimulyo Nomor 55 Jati Kode Pos 62372",
        "foto": " "
      }
    },
    {
      "type": "Feature",
      "id": 185,
      "geometry": {
        "type": "Point",
        "coordinates": [
          112.04921351027367,
          -7.040053884573961
        ]
      },
      "properties": {
        "FID": 185,
        "nama_ssid": "BALAI DESA BANJARAGUNG",
        "nama_desa": "Banjaragung",
        "fasilitato": "pemerintah_desa",
        "alamat": "Jl. Raya Banjaragung Nomor 5 Banjaragung Kode Pos 62371",
        "foto": " "
      }
    },
    {
      "type": "Feature",
      "id": 186,
      "geometry": {
        "type": "Point",
        "coordinates": [
          111.91029104791177,
          -7.135796987398577
        ]
      },
      "properties": {
        "FID": 186,
        "nama_ssid": "BALAI DESA MENILO",
        "nama_desa": "Menilo",
        "fasilitato": "pemerintah_desa",
        "alamat": "Jl. Masjid Nomor 9 Kode Pos 62372",
        "foto": " "
      }
    },
    {
      "type": "Feature",
      "id": 187,
      "geometry": {
        "type": "Point",
        "coordinates": [
          112.0572873557346,
          -7.066354986685977
        ]
      },
      "properties": {
        "FID": 187,
        "nama_ssid": "BALAI DESA BANJARARUM",
        "nama_desa": "Banjararum",
        "fasilitato": "pemerintah_desa",
        "alamat": "Jl. Veteran Nomor54 Desa Banjararum Kode Pos 62371",
        "foto": " "
      }
    },
    {
      "type": "Feature",
      "id": 188,
      "geometry": {
        "type": "Point",
        "coordinates": [
          111.91565598778973,
          -7.081656869684105
        ]
      },
      "properties": {
        "FID": 188,
        "nama_ssid": "BALAI DESA CEKALANG",
        "nama_desa": "Cekalang",
        "fasilitato": "pemerintah_desa",
        "alamat": "Jl. Raya Manunggal Nomor 01 Cekalang Kode Pos 62372",
        "foto": " "
      }
    },
    {
      "type": "Feature",
      "id": 189,
      "geometry": {
        "type": "Point",
        "coordinates": [
          112.07154756074173,
          -7.062691449467754
        ]
      },
      "properties": {
        "FID": 189,
        "nama_ssid": "BALAI DESA PRAMBONWETAN",
        "nama_desa": "Prambonwetan",
        "fasilitato": "pemerintah_desa",
        "alamat": "Jl. Raya Nomor 358 Kode Pos 62371",
        "foto": " "
      }
    },
    {
      "type": "Feature",
      "id": 190,
      "geometry": {
        "type": "Point",
        "coordinates": [
          111.91823521243943,
          -7.106732575559708
        ]
      },
      "properties": {
        "FID": 190,
        "nama_ssid": "BALAI DESA PANDANAGUNG",
        "nama_desa": "Pandanagung",
        "fasilitato": "pemerintah_desa",
        "alamat": "Jl. Lapangan No 01 Pandanagung Soko Kode Pos 62372",
        "foto": " "
      }
    },
    {
      "type": "Feature",
      "id": 191,
      "geometry": {
        "type": "Point",
        "coordinates": [
          111.99674296552372,
          -6.936662034163045
        ]
      },
      "properties": {
        "FID": 191,
        "nama_ssid": "BALAI DESA JADI",
        "nama_desa": "Jadi",
        "fasilitato": "pemerintah_desa",
        "alamat": "Jl. Jadi-Grabagan Nomor02 Jadi Kode Pos 62381",
        "foto": " "
      }
    },
    {
      "type": "Feature",
      "id": 192,
      "geometry": {
        "type": "Point",
        "coordinates": [
          112.00199830479151,
          -6.916620594554275
        ]
      },
      "properties": {
        "FID": 192,
        "nama_ssid": "BALAI DESA BOTO",
        "nama_desa": "Boto",
        "fasilitato": "pemerintah_desa",
        "alamat": "Jl. Banyulangse Nomor 55 Desa Boto Kode Pos : 62381",
        "foto": " "
      }
    },
    {
      "type": "Feature",
      "id": 193,
      "geometry": {
        "type": "Point",
        "coordinates": [
          111.92006213607715,
          -7.095620905828602
        ]
      },
      "properties": {
        "FID": 193,
        "nama_ssid": "BALAI DESA PRAMBONTERGAYANG",
        "nama_desa": "Prambontergayang",
        "fasilitato": "pemerintah_desa",
        "alamat": "Jl. Ringin Gedhe Nomor 19 Prambontergayang Kode Pos 62372",
        "foto": " "
      }
    },
    {
      "type": "Feature",
      "id": 194,
      "geometry": {
        "type": "Point",
        "coordinates": [
          111.91967820439024,
          -7.059897983102563
        ]
      },
      "properties": {
        "FID": 194,
        "nama_ssid": "BALAI DESA KLUMPIT",
        "nama_desa": "Klumpit",
        "fasilitato": "pemerintah_desa",
        "alamat": "Jalan Raya Klumpit Nomor 12 Kode Pos 62372",
        "foto": " "
      }
    },
    {
      "type": "Feature",
      "id": 195,
      "geometry": {
        "type": "Point",
        "coordinates": [
          112.05182806184007,
          -6.923920302116188
        ]
      },
      "properties": {
        "FID": 195,
        "nama_ssid": "BALAI DESA PRUNGGAHAN KULON",
        "nama_desa": "Prunggahan Kulon",
        "fasilitato": "pemerintah_desa",
        "alamat": "Jl. Kadipaten Nomor 1 Kode pos : 62381",
        "foto": " "
      }
    },
    {
      "type": "Feature",
      "id": 196,
      "geometry": {
        "type": "Point",
        "coordinates": [
          111.93137664772198,
          -7.130247789443097
        ]
      },
      "properties": {
        "FID": 196,
        "nama_ssid": "BALAI DESA SIMO",
        "nama_desa": "Simo",
        "fasilitato": "pemerintah_desa",
        "alamat": "Jl. Raya Simo-Soko Tuban No 32 Kode Pos 62372",
        "foto": " "
      }
    },
    {
      "type": "Feature",
      "id": 197,
      "geometry": {
        "type": "Point",
        "coordinates": [
          112.05183745173046,
          -6.914040512548153
        ]
      },
      "properties": {
        "FID": 197,
        "nama_ssid": "BALAI DESA TEGALAGUNG",
        "nama_desa": "Tegalagung",
        "fasilitato": "pemerintah_desa",
        "alamat": "Jl. Majapahit Tegalagung 1 Kode Pos 62381",
        "foto": " "
      }
    },
    {
      "type": "Feature",
      "id": 198,
      "geometry": {
        "type": "Point",
        "coordinates": [
          112.04898217595601,
          -6.941903127051958
        ]
      },
      "properties": {
        "FID": 198,
        "nama_ssid": "BALAI DESA BEKTIHARJO",
        "nama_desa": "Bektiharjo",
        "fasilitato": "pemerintah_desa",
        "alamat": "Jl. Raya Bektiharjo Nomor 100 Bektiharjo Kode Pos 62381",
        "foto": " "
      }
    },
    {
      "type": "Feature",
      "id": 199,
      "geometry": {
        "type": "Point",
        "coordinates": [
          112.06468928822562,
          -6.994638778121981
        ]
      },
      "properties": {
        "FID": 199,
        "nama_ssid": "BALAI DESA NGINO",
        "nama_desa": "Ngino",
        "fasilitato": "pemerintah_desa",
        "alamat": "Jl. Dermawuharjo Nomor19 Desa Ngino Kode Pos 62381",
        "foto": " "
      }
    },
    {
      "type": "Feature",
      "id": 200,
      "geometry": {
        "type": "Point",
        "coordinates": [
          112.05476436858606,
          -6.926923116986842
        ]
      },
      "properties": {
        "FID": 200,
        "nama_ssid": "BALAI DESA PRUNGGAHAN WETAN",
        "nama_desa": "Prunggahan Wetan",
        "fasilitato": "pemerintah_desa",
        "alamat": "Jl. Mertoyudho Nomor07 Prunggahan Wetan Kode Pos 62381",
        "foto": " "
      }
    },
    {
      "type": "Feature",
      "id": 201,
      "geometry": {
        "type": "Point",
        "coordinates": [
          111.9324109432976,
          -7.109124423988523
        ]
      },
      "properties": {
        "FID": 201,
        "nama_ssid": "BALAI DESA MENTORO",
        "nama_desa": "Mentoro",
        "fasilitato": "pemerintah_desa",
        "alamat": "Jl. Pringgodani Nomor 288 Desa Mentoro Kode Pos 62372",
        "foto": " "
      }
    },
    {
      "type": "Feature",
      "id": 202,
      "geometry": {
        "type": "Point",
        "coordinates": [
          112.06105041409505,
          -6.974978361726202
        ]
      },
      "properties": {
        "FID": 202,
        "nama_ssid": "BALAI DESA SAMBONGREJO",
        "nama_desa": "Sambongrejo",
        "fasilitato": "pemerintah_desa",
        "alamat": "JL. Kedung Ireng No 14 Sambongrejo Kode Pos 62381",
        "foto": " "
      }
    },
    {
      "type": "Feature",
      "id": 203,
      "geometry": {
        "type": "Point",
        "coordinates": [
          111.94030140711101,
          -7.1556743147047985
        ]
      },
      "properties": {
        "FID": 203,
        "nama_ssid": "BALAI DESA KENDALREJO",
        "nama_desa": "Kendalrejo",
        "fasilitato": "pemerintah_desa",
        "alamat": "Jl. Raya Desa Kendalrejo Kode Pos 62372",
        "foto": " "
      }
    },
    {
      "type": "Feature",
      "id": 204,
      "geometry": {
        "type": "Point",
        "coordinates": [
          112.06304345573248,
          -6.923737814899274
        ]
      },
      "properties": {
        "FID": 204,
        "nama_ssid": "BALAI DESA SEMANDING",
        "nama_desa": "Semanding",
        "fasilitato": "pemerintah_desa",
        "alamat": "Jl. Hayam Wuruk Nomor 5B Desa Semanding Kode Pos 62381",
        "foto": " "
      }
    },
    {
      "type": "Feature",
      "id": 205,
      "geometry": {
        "type": "Point",
        "coordinates": [
          111.9472255805876,
          -7.076772485764324
        ]
      },
      "properties": {
        "FID": 205,
        "nama_ssid": "BALAI DESA NGURUAN",
        "nama_desa": "Nguruan",
        "fasilitato": "pemerintah_desa",
        "alamat": "Jl. Trunojoyo Nomor 12 Nguruan Kode Pos 62372",
        "foto": " "
      }
    },
    {
      "type": "Feature",
      "id": 206,
      "geometry": {
        "type": "Point",
        "coordinates": [
          112.06373438577587,
          -6.914039121464983
        ]
      },
      "properties": {
        "FID": 206,
        "nama_ssid": "BALAI DESA BEJAGUNG",
        "nama_desa": "Bejagung",
        "fasilitato": "pemerintah_desa",
        "alamat": "Jl. Hayam Wuruk Nomor87 Bejagung Kode Pos 62381",
        "foto": " "
      }
    },
    {
      "type": "Feature",
      "id": 207,
      "geometry": {
        "type": "Point",
        "coordinates": [
          112.06079625593611,
          -6.94416882715171
        ]
      },
      "properties": {
        "FID": 207,
        "nama_ssid": "BALAI DESA PENAMBANGAN",
        "nama_desa": "Penambangan",
        "fasilitato": "pemerintah_desa",
        "alamat": "Jl. Raya Penambangan - Semanding Kode Pos 62381",
        "foto": " "
      }
    },
    {
      "type": "Feature",
      "id": 208,
      "geometry": {
        "type": "Point",
        "coordinates": [
          111.95939067407201,
          -7.075417049129838
        ]
      },
      "properties": {
        "FID": 208,
        "nama_ssid": "BALAI DESA JEGULO",
        "nama_desa": "Jegulo",
        "fasilitato": "pemerintah_desa",
        "alamat": "Jl.Raya Jegulo Nomor 94 Jegulo Kode Pos : 62372",
        "foto": " "
      }
    },
    {
      "type": "Feature",
      "id": 209,
      "geometry": {
        "type": "Point",
        "coordinates": [
          112.08446869006558,
          -6.960687879951386
        ]
      },
      "properties": {
        "FID": 209,
        "nama_ssid": "BALAI DESA GENAHARJO",
        "nama_desa": "Genaharjo",
        "fasilitato": "pemerintah_desa",
        "alamat": "Jl.Raya Gemanting - Genaharjo Kode pos : 62381",
        "foto": " "
      }
    },
    {
      "type": "Feature",
      "id": 210,
      "geometry": {
        "type": "Point",
        "coordinates": [
          111.94802554223031,
          -7.11320758871646
        ]
      },
      "properties": {
        "FID": 210,
        "nama_ssid": "BALAI DESA SOKOSARI",
        "nama_desa": "Sokosari",
        "fasilitato": "pemerintah_desa",
        "alamat": "Jl. Raya Soko Nomor 01 Kode Pos 62372",
        "foto": " "
      }
    },
    {
      "type": "Feature",
      "id": 211,
      "geometry": {
        "type": "Point",
        "coordinates": [
          112.08563860601613,
          -6.9449464176500495
        ]
      },
      "properties": {
        "FID": 211,
        "nama_ssid": "BALAI DESA KOWANG",
        "nama_desa": "Kowang",
        "fasilitato": "pemerintah_desa",
        "alamat": "Jl. Sumur Selatan Nomor 10 Desa Kowang Kode Pos 62381",
        "foto": " "
      }
    },
    {
      "type": "Feature",
      "id": 212,
      "geometry": {
        "type": "Point",
        "coordinates": [
          112.0997884557903,
          -6.94098343172243
        ]
      },
      "properties": {
        "FID": 212,
        "nama_ssid": "BALAI DESA TUNAH",
        "nama_desa": "Tunah",
        "fasilitato": "pemerintah_desa",
        "alamat": "Jl. Raya Tuban-Babat KM.07 Kode Pos 62381",
        "foto": " "
      }
    },
    {
      "type": "Feature",
      "id": 213,
      "geometry": {
        "type": "Point",
        "coordinates": [
          111.95353022699369,
          -7.105719337996767
        ]
      },
      "properties": {
        "FID": 213,
        "nama_ssid": "BALAI DESA BANGUNREJO",
        "nama_desa": "Bangunrejo",
        "fasilitato": "pemerintah_desa",
        "alamat": "Jl. Raya Bangunrejo Nomor 01 Kode Pos : 62372",
        "foto": " "
      }
    },
    {
      "type": "Feature",
      "id": 214,
      "geometry": {
        "type": "Point",
        "coordinates": [
          112.10850173791277,
          -6.964669406447066
        ]
      },
      "properties": {
        "FID": 214,
        "nama_ssid": "BALAI DESA GESING",
        "nama_desa": "Gesing",
        "fasilitato": "pemerintah_desa",
        "alamat": "Jl. Poros Desa Gesing Kode Pos 62381",
        "foto": " "
      }
    },
    {
      "type": "Feature",
      "id": 215,
      "geometry": {
        "type": "Point",
        "coordinates": [
          111.94505852564724,
          -7.137621882758889
        ]
      },
      "properties": {
        "FID": 215,
        "nama_ssid": "BALAI DESA MOJOAGUNG",
        "nama_desa": "Mojoagung",
        "fasilitato": "pemerintah_desa",
        "alamat": "Jl. Raya Mojoagung Nomor 79 Kode Pos 62372",
        "foto": " "
      }
    },
    {
      "type": "Feature",
      "id": 216,
      "geometry": {
        "type": "Point",
        "coordinates": [
          111.9602705376746,
          -7.06600945832737
        ]
      },
      "properties": {
        "FID": 216,
        "nama_ssid": "BALAI DESA GUNUNGANYAR",
        "nama_desa": "Gununganyar",
        "fasilitato": "pemerintah_desa",
        "alamat": "Jl. Masjid Nomor 01 Kode Pos 62372",
        "foto": " "
      }
    },
    {
      "type": "Feature",
      "id": 217,
      "geometry": {
        "type": "Point",
        "coordinates": [
          111.96069603654824,
          -7.096799045609567
        ]
      },
      "properties": {
        "FID": 217,
        "nama_ssid": "BALAI DESA SUMURCINDE",
        "nama_desa": "Sumurcinde",
        "fasilitato": "pemerintah_desa",
        "alamat": "Jl. Raya Sumurcinde Nomor 01 Sumurcinde Kode Pos 62372",
        "foto": " "
      }
    },
    {
      "type": "Feature",
      "id": 218,
      "geometry": {
        "type": "Point",
        "coordinates": [
          112.00960298911941,
          -6.901011611077865
        ]
      },
      "properties": {
        "FID": 218,
        "nama_ssid": "BALAI DESA SUMURGUNG",
        "nama_desa": "Sumurgung",
        "fasilitato": "pemerintah_desa",
        "alamat": "Jl. Al-Mutamakkin Nomor 01 Sumurgung Kode Pos 62319",
        "foto": " "
      }
    },
    {
      "type": "Feature",
      "id": 219,
      "geometry": {
        "type": "Point",
        "coordinates": [
          112.01591752504693,
          -6.901763369773758
        ]
      },
      "properties": {
        "FID": 219,
        "nama_ssid": "BALAI DESA SUGIHARJO",
        "nama_desa": "Sugiharjo",
        "fasilitato": "pemerintah_desa",
        "alamat": "Jl. Desa Sugiharjo Tuban Kode Pos 62319",
        "foto": " "
      }
    },
    {
      "type": "Feature",
      "id": 220,
      "geometry": {
        "type": "Point",
        "coordinates": [
          112.02937326000117,
          -6.901258967546912
        ]
      },
      "properties": {
        "FID": 220,
        "nama_ssid": "BALAI DESA KEMBANGBILO",
        "nama_desa": "Kembangbilo",
        "fasilitato": "pemerintah_desa",
        "alamat": "Jl. Raya Kembangbilo Nomor 02 Kode Pos 62319",
        "foto": " "
      }
    },
    {
      "type": "Feature",
      "id": 221,
      "geometry": {
        "type": "Point",
        "coordinates": [
          111.96370983590323,
          -7.131659654413982
        ]
      },
      "properties": {
        "FID": 221,
        "nama_ssid": "BALAI DESA PANDANWANGI",
        "nama_desa": "Pandanwangi",
        "fasilitato": "pemerintah_desa",
        "alamat": "Jl. Raya Desa Pandanwangi Kode Pos 62372",
        "foto": " "
      }
    },
    {
      "type": "Feature",
      "id": 222,
      "geometry": {
        "type": "Point",
        "coordinates": [
          112.06331218638938,
          -7.035456038336617
        ]
      },
      "properties": {
        "FID": 222,
        "nama_ssid": "BALAI DESA TRUTUP",
        "nama_desa": "Trutup",
        "fasilitato": "pemerintah_desa",
        "alamat": "Jl. Raya Plumpang - Rengel Nomor 01 Desa Trutup Kode Pos 62382",
        "foto": " "
      }
    },
    {
      "type": "Feature",
      "id": 223,
      "geometry": {
        "type": "Point",
        "coordinates": [
          111.96863500495208,
          -7.118122793374347
        ]
      },
      "properties": {
        "FID": 223,
        "nama_ssid": "BALAI DESA SANDINGROWO",
        "nama_desa": "Sandingrowo",
        "fasilitato": "pemerintah_desa",
        "alamat": "Jl. Raya Sundulan No 2 Desa Sandingrowo Kode Pos : 62372",
        "foto": " "
      }
    },
    {
      "type": "Feature",
      "id": 224,
      "geometry": {
        "type": "Point",
        "coordinates": [
          112.07108496798782,
          -7.034005874132204
        ]
      },
      "properties": {
        "FID": 224,
        "nama_ssid": "BALAI DESA KESAMBEN",
        "nama_desa": "Kesamben",
        "fasilitato": "pemerintah_desa",
        "alamat": "Jl. Raya Kesamben Nomor382 Kode Pos 62382",
        "foto": " "
      }
    },
    {
      "type": "Feature",
      "id": 225,
      "geometry": {
        "type": "Point",
        "coordinates": [
          112.07681631232545,
          -7.048054708020578
        ]
      },
      "properties": {
        "FID": 225,
        "nama_ssid": "BALAI DESA KEPOHAGUNG",
        "nama_desa": "Kepohagung",
        "fasilitato": "pemerintah_desa",
        "alamat": "Jl. Raya Kepohagung -Cangkring Kode Pos 62382",
        "foto": " "
      }
    },
    {
      "type": "Feature",
      "id": 226,
      "geometry": {
        "type": "Point",
        "coordinates": [
          111.96787419128746,
          -7.105006882492911
        ]
      },
      "properties": {
        "FID": 226,
        "nama_ssid": "BALAI DESA RAHAYU",
        "nama_desa": "Rahayu",
        "fasilitato": "pemerintah_desa",
        "alamat": "Jl. Lingkar Pertamina Nomor 413 Rahayu Kode Pos 62372",
        "foto": " "
      }
    },
    {
      "type": "Feature",
      "id": 227,
      "geometry": {
        "type": "Point",
        "coordinates": [
          112.07646444650933,
          -7.0606752505204895
        ]
      },
      "properties": {
        "FID": 227,
        "nama_ssid": "BALAI DESA KEDUNGROJO",
        "nama_desa": "Kedungrojo",
        "fasilitato": "pemerintah_desa",
        "alamat": "Jl. Raya Kedungrojo Nomor 01 Kedungrojo Kode Pos 62382",
        "foto": " "
      }
    },
    {
      "type": "Feature",
      "id": 228,
      "geometry": {
        "type": "Point",
        "coordinates": [
          111.98190535449523,
          -7.147448688108691
        ]
      },
      "properties": {
        "FID": 228,
        "nama_ssid": "BALAI DESA GLAGAHSARI",
        "nama_desa": "Glagahsari",
        "fasilitato": "pemerintah_desa",
        "alamat": "Jl. Raya Desa Glagahsari Nomor 001 Kode Pos 62372",
        "foto": " "
      }
    },
    {
      "type": "Feature",
      "id": 229,
      "geometry": {
        "type": "Point",
        "coordinates": [
          112.09605001344003,
          -7.014427196646605
        ]
      },
      "properties": {
        "FID": 229,
        "nama_ssid": "BALAI DESA SUMURJALAK",
        "nama_desa": "Sumurjalak",
        "fasilitato": "pemerintah_desa",
        "alamat": "Jl. Raya Plumpang - Rengel Nomor01 Sumurjalak Kode Pos 62382",
        "foto": " "
      }
    },
    {
      "type": "Feature",
      "id": 230,
      "geometry": {
        "type": "Point",
        "coordinates": [
          111.99122127278225,
          -7.128705492528239
        ]
      },
      "properties": {
        "FID": 230,
        "nama_ssid": "BALAI DESA KENONGOSARI",
        "nama_desa": "Kenongosari",
        "fasilitato": "pemerintah_desa",
        "alamat": "Jl. Bengawan Desa Kenongosari Kode Pos 62372",
        "foto": " "
      }
    },
    {
      "type": "Feature",
      "id": 231,
      "geometry": {
        "type": "Point",
        "coordinates": [
          112.08896475916534,
          -7.071141901387175
        ]
      },
      "properties": {
        "FID": 231,
        "nama_ssid": "BALAI DESA SEMBUNGREJO",
        "nama_desa": "Sembungrejo",
        "fasilitato": "pemerintah_desa",
        "alamat": "Jl. Raya Desa Sembungrejo Nomor 1 Kode Pos 62382",
        "foto": " "
      }
    },
    {
      "type": "Feature",
      "id": 232,
      "geometry": {
        "type": "Point",
        "coordinates": [
          111.89256299509643,
          -6.806189163431075
        ]
      },
      "properties": {
        "FID": 232,
        "nama_ssid": "BALAI DESA KARANGASEM",
        "nama_desa": "Karangasem",
        "fasilitato": "pemerintah_desa",
        "alamat": "Jl. Poros Desa Nomor 1 Karangasem Kode Pos 62352",
        "foto": " "
      }
    },
    {
      "type": "Feature",
      "id": 233,
      "geometry": {
        "type": "Point",
        "coordinates": [
          112.11011099544876,
          -7.001634425169789
        ]
      },
      "properties": {
        "FID": 233,
        "nama_ssid": "BALAI DESA SUMBERAGUNG",
        "nama_desa": "Sumberagung",
        "fasilitato": "pemerintah_desa",
        "alamat": "Jl. Raya Pakah Plumpang Nomor 12 Sumberagung Kode Pos 62382",
        "foto": " "
      }
    },
    {
      "type": "Feature",
      "id": 234,
      "geometry": {
        "type": "Point",
        "coordinates": [
          112.10181214363365,
          -7.030893524459933
        ]
      },
      "properties": {
        "FID": 234,
        "nama_ssid": "BALAI DESA CANGKRING",
        "nama_desa": "Cangkring",
        "fasilitato": "pemerintah_desa",
        "alamat": "Jl. Raya Desa Cangkring Nomor01 Kode Pos 62382",
        "foto": " "
      }
    },
    {
      "type": "Feature",
      "id": 235,
      "geometry": {
        "type": "Point",
        "coordinates": [
          112.10183745510477,
          -7.030891282347489
        ]
      },
      "properties": {
        "FID": 235,
        "nama_ssid": "BALAI DESA PLUMPANG",
        "nama_desa": "Plumpang",
        "fasilitato": "pemerintah_desa",
        "alamat": "Jl. Raya Plumpang-Bandungrejo Nomor 1 Kode Pos 82382",
        "foto": " "
      }
    },
    {
      "type": "Feature",
      "id": 236,
      "geometry": {
        "type": "Point",
        "coordinates": [
          111.89711040714344,
          -6.7901909148611335
        ]
      },
      "properties": {
        "FID": 236,
        "nama_ssid": "BALAI DESA SOCOREJO",
        "nama_desa": "Socorejo",
        "fasilitato": "pemerintah_desa",
        "alamat": "Jl Raya Socorejo Nomor 201 Desa Socorejo Kode Pos : 62352",
        "foto": " "
      }
    },
    {
      "type": "Feature",
      "id": 237,
      "geometry": {
        "type": "Point",
        "coordinates": [
          111.91688287399727,
          -6.792654396521655
        ]
      },
      "properties": {
        "FID": 237,
        "nama_ssid": "BALAI DESA TEMAJI",
        "nama_desa": "Temaji",
        "fasilitato": "pemerintah_desa",
        "alamat": "Jl. Tirtonadi Nomor 01 Desa Temaji Kode Pos 62352",
        "foto": " "
      }
    },
    {
      "type": "Feature",
      "id": 238,
      "geometry": {
        "type": "Point",
        "coordinates": [
          111.92310960315278,
          -6.787588033105276
        ]
      },
      "properties": {
        "FID": 238,
        "nama_ssid": "BALAI DESA PURWOREJO",
        "nama_desa": "Purworejo",
        "fasilitato": "pemerintah_desa",
        "alamat": "Jl. Raya Tuban - Semarang KM. 21 Purworejo Kode Pos 62352",
        "foto": " "
      }
    },
    {
      "type": "Feature",
      "id": 239,
      "geometry": {
        "type": "Point",
        "coordinates": [
          111.936580514042,
          -6.772362646584325
        ]
      },
      "properties": {
        "FID": 239,
        "nama_ssid": "BALAI DESA TASIKHARJO",
        "nama_desa": "Tasikharjo",
        "fasilitato": "pemerintah_desa",
        "alamat": "Jl. Syech Subakir Nomor 1 Tasikharjo Kode Pos 62352",
        "foto": " "
      }
    },
    {
      "type": "Feature",
      "id": 240,
      "geometry": {
        "type": "Point",
        "coordinates": [
          111.96484162528864,
          -6.799679872361317
        ]
      },
      "properties": {
        "FID": 240,
        "nama_ssid": "BALAI DESA SUMURGENENG",
        "nama_desa": "Sumurgeneng",
        "fasilitato": "pemerintah_desa",
        "alamat": "Jl. Desa Sumurgeneng, Jenu - Tuban Kode Pos 62352",
        "foto": " "
      }
    },
    {
      "type": "Feature",
      "id": 241,
      "geometry": {
        "type": "Point",
        "coordinates": [
          111.98194398930521,
          -6.839908555717849
        ]
      },
      "properties": {
        "FID": 241,
        "nama_ssid": "BALAI DESA SUWALAN",
        "nama_desa": "Suwalan",
        "fasilitato": "pemerintah_desa",
        "alamat": "Jl. Raya Desa Suwalan",
        "foto": " "
      }
    },
    {
      "type": "Feature",
      "id": 242,
      "geometry": {
        "type": "Point",
        "coordinates": [
          111.9630152793534,
          -6.775427183006961
        ]
      },
      "properties": {
        "FID": 242,
        "nama_ssid": "BALAI DESA REMEN",
        "nama_desa": "Remen",
        "fasilitato": "pemerintah_desa",
        "alamat": "Jl. Tanjung Awar-Awar Remen Kode Pos 62352",
        "foto": " "
      }
    },
    {
      "type": "Feature",
      "id": 243,
      "geometry": {
        "type": "Point",
        "coordinates": [
          112.00079557865479,
          -6.831414290480403
        ]
      },
      "properties": {
        "FID": 243,
        "nama_ssid": "BALAI DESA BEJI",
        "nama_desa": "Beji",
        "fasilitato": "pemerintah_desa",
        "alamat": "Jl. Raya Jenu - Semarang Kode Pos 62352",
        "foto": " "
      }
    },
    {
      "type": "Feature",
      "id": 244,
      "geometry": {
        "type": "Point",
        "coordinates": [
          111.9861692940644,
          -6.815037727673599
        ]
      },
      "properties": {
        "FID": 244,
        "nama_ssid": "BALAI DESA WADUNG",
        "nama_desa": "Wadung",
        "fasilitato": "pemerintah_desa",
        "alamat": "Jl. Raya Desa Wadung Kode Pos 62352",
        "foto": " "
      }
    },
    {
      "type": "Feature",
      "id": 245,
      "geometry": {
        "type": "Point",
        "coordinates": [
          111.97881354324328,
          -6.796902079836044
        ]
      },
      "properties": {
        "FID": 245,
        "nama_ssid": "BALAI DESA RAWASAN",
        "nama_desa": "Rawasan",
        "fasilitato": "pemerintah_desa",
        "alamat": "Jl. Syekh Achmad Kholil Rawasan Kode Pos 62352",
        "foto": " "
      }
    },
    {
      "type": "Feature",
      "id": 246,
      "geometry": {
        "type": "Point",
        "coordinates": [
          111.98361166451313,
          -6.791730126744474
        ]
      },
      "properties": {
        "FID": 246,
        "nama_ssid": "BALAI DESA MENTOSO",
        "nama_desa": "Mentoso",
        "fasilitato": "pemerintah_desa",
        "alamat": "Jl. Raya Desa Mentoso Kode Pos 62352",
        "foto": " "
      }
    },
    {
      "type": "Feature",
      "id": 247,
      "geometry": {
        "type": "Point",
        "coordinates": [
          112.00253981209129,
          -6.837183166645036
        ]
      },
      "properties": {
        "FID": 247,
        "nama_ssid": "BALAI DESA JENGGOLO",
        "nama_desa": "Jenggolo",
        "fasilitato": "pemerintah_desa",
        "alamat": "Jl. Raden Panji Nomor 05 Jenggolo Kode Pos 62352",
        "foto": " "
      }
    },
    {
      "type": "Feature",
      "id": 248,
      "geometry": {
        "type": "Point",
        "coordinates": [
          112.00682415253264,
          -6.8276031210539685
        ]
      },
      "properties": {
        "FID": 248,
        "nama_ssid": "BALAI DESA KALIUNTU",
        "nama_desa": "Kaliuntu",
        "fasilitato": "pemerintah_desa",
        "alamat": "Jl. Laut Utara Desa Kaliuntu Kode Pos 62352",
        "foto": " "
      }
    },
    {
      "type": "Feature",
      "id": 249,
      "geometry": {
        "type": "Point",
        "coordinates": [
          112.00200048346372,
          -6.841196636425929
        ]
      },
      "properties": {
        "FID": 249,
        "nama_ssid": "BALAI DESA SEKARDADI",
        "nama_desa": "Sekardadi",
        "fasilitato": "pemerintah_desa",
        "alamat": "Jl. Jenu - Merakurak Nomor 123 Kode Pos 62352",
        "foto": " "
      }
    },
    {
      "type": "Feature",
      "id": 250,
      "geometry": {
        "type": "Point",
        "coordinates": [
          112.00067061704587,
          -6.831213152958837
        ]
      },
      "properties": {
        "FID": 250,
        "nama_ssid": "BALAI DESA JENU",
        "nama_desa": "Jenu",
        "fasilitato": "pemerintah_desa",
        "alamat": "Jl. Balai Desa Jenu Kode Pos 62352",
        "foto": " "
      }
    },
    {
      "type": "Feature",
      "id": 251,
      "geometry": {
        "type": "Point",
        "coordinates": [
          112.02437212993843,
          -6.862734427155773
        ]
      },
      "properties": {
        "FID": 251,
        "nama_ssid": "BALAI DESA SUGIHWARAS",
        "nama_desa": "Sugihwaras",
        "fasilitato": "pemerintah_desa",
        "alamat": "Jl. Tuban Semarang KM. 6 Sugihwaras Kode Pos 62352",
        "foto": " "
      }
    },
    {
      "type": "Feature",
      "id": 252,
      "geometry": {
        "type": "Point",
        "coordinates": [
          111.92445875212957,
          -6.854072036923238
        ]
      },
      "properties": {
        "FID": 252,
        "nama_ssid": "BALAI DESA TLOGOWARU",
        "nama_desa": "Tlogowaru",
        "fasilitato": "pemerintah_desa",
        "alamat": "Jl. Raya Tlogowaru Nomor 99 Kode Pos 62355",
        "foto": " "
      }
    },
    {
      "type": "Feature",
      "id": 253,
      "geometry": {
        "type": "Point",
        "coordinates": [
          112.0913376175664,
          -7.081245010122539
        ]
      },
      "properties": {
        "FID": 253,
        "nama_ssid": "BALAI DESA PLANDIREJO",
        "nama_desa": "Plandirejo",
        "fasilitato": "pemerintah_desa",
        "alamat": "Jl. Raya Desa Plandirejo Nomor 01 Kode Pos 62382",
        "foto": " "
      }
    },
    {
      "type": "Feature",
      "id": 254,
      "geometry": {
        "type": "Point",
        "coordinates": [
          111.93390823210169,
          -6.838959100827222
        ]
      },
      "properties": {
        "FID": 254,
        "nama_ssid": "BALAI DESA TOBO",
        "nama_desa": "Tobo",
        "fasilitato": "pemerintah_desa",
        "alamat": "Jl. Raya Tobo - Tlogowaru Nomor 01 Kode Pos 62355",
        "foto": " "
      }
    },
    {
      "type": "Feature",
      "id": 255,
      "geometry": {
        "type": "Point",
        "coordinates": [
          112.10309046001468,
          -7.017415172163263
        ]
      },
      "properties": {
        "FID": 255,
        "nama_ssid": "BALAI DESA NGRAYUNG",
        "nama_desa": "Ngrayung",
        "fasilitato": "pemerintah_desa",
        "alamat": "Jl. Raya Ngrayung No 09 Kode Pos 62382",
        "foto": " "
      }
    },
    {
      "type": "Feature",
      "id": 256,
      "geometry": {
        "type": "Point",
        "coordinates": [
          111.93546867507405,
          -6.863627506179218
        ]
      },
      "properties": {
        "FID": 256,
        "nama_ssid": "BALAI DESA TEMANDANG",
        "nama_desa": "Temandang",
        "fasilitato": "pemerintah_desa",
        "alamat": "Jl. Raya Temandang Nomor 345 Kode Pos : 62355",
        "foto": " "
      }
    },
    {
      "type": "Feature",
      "id": 257,
      "geometry": {
        "type": "Point",
        "coordinates": [
          112.10881224712182,
          -7.083300609003209
        ]
      },
      "properties": {
        "FID": 257,
        "nama_ssid": "BALAI DESA BANDUNGREJO",
        "nama_desa": "Bandungrejo",
        "fasilitato": "pemerintah_desa",
        "alamat": "Jl. Raya Bandungrejo Nomor 01 Kode Pos 62382",
        "foto": " "
      }
    },
    {
      "type": "Feature",
      "id": 258,
      "geometry": {
        "type": "Point",
        "coordinates": [
          111.97708223773726,
          -6.88567016122403
        ]
      },
      "properties": {
        "FID": 258,
        "nama_ssid": "BALAI DESA TUWIRI WETAN",
        "nama_desa": "Tuwiri Wetan",
        "fasilitato": "pemerintah_desa",
        "alamat": "Jalan Raya Merakurak - Montong Kode Pos 62355",
        "foto": " "
      }
    },
    {
      "type": "Feature",
      "id": 259,
      "geometry": {
        "type": "Point",
        "coordinates": [
          112.114220984538,
          -7.0287946761741935
        ]
      },
      "properties": {
        "FID": 259,
        "nama_ssid": "BALAI DESA JATIMULYO",
        "nama_desa": "Jatimulyo",
        "fasilitato": "pemerintah_desa",
        "alamat": "Jl. Sebojoyo Nomor 40 Jatimulyo Kode Pos 62882",
        "foto": " "
      }
    },
    {
      "type": "Feature",
      "id": 260,
      "geometry": {
        "type": "Point",
        "coordinates": [
          112.12221019773578,
          -7.0770931640834664
        ]
      },
      "properties": {
        "FID": 260,
        "nama_ssid": "BALAI DESA KLOTOK",
        "nama_desa": "Klotok",
        "fasilitato": "pemerintah_desa",
        "alamat": "Jl. Raya PU Rengel-Widang No 001 Kode Pos 62382",
        "foto": " "
      }
    },
    {
      "type": "Feature",
      "id": 261,
      "geometry": {
        "type": "Point",
        "coordinates": [
          112.12602940816262,
          -7.030152361045548
        ]
      },
      "properties": {
        "FID": 261,
        "nama_ssid": "BALAI DESA MAGERSARI",
        "nama_desa": "Magersari",
        "fasilitato": "pemerintah_desa",
        "alamat": "Jl. Plumpang-Compreng No 273 Kode Pos 62382",
        "foto": " "
      }
    },
    {
      "type": "Feature",
      "id": 262,
      "geometry": {
        "type": "Point",
        "coordinates": [
          112.1265365213474,
          -7.093906218207161
        ]
      },
      "properties": {
        "FID": 262,
        "nama_ssid": "BALAI DESA KEBOMLATI",
        "nama_desa": "Kebomlati",
        "fasilitato": "pemerintah_desa",
        "alamat": "Jl. Balai Desa Nomor 01 Kebomlati Kode Pos 62382",
        "foto": " "
      }
    },
    {
      "type": "Feature",
      "id": 263,
      "geometry": {
        "type": "Point",
        "coordinates": [
          112.13515270786472,
          -7.029191253170909
        ]
      },
      "properties": {
        "FID": 263,
        "nama_ssid": "BALAI DESA PENIDON",
        "nama_desa": "Penidon",
        "fasilitato": "pemerintah_desa",
        "alamat": "Jl. Raya Plumpang - Compreng Nomor 90 Penidon Kode Pos 62382",
        "foto": " "
      }
    },
    {
      "type": "Feature",
      "id": 264,
      "geometry": {
        "type": "Point",
        "coordinates": [
          112.13358941962696,
          -7.085327442745909
        ]
      },
      "properties": {
        "FID": 264,
        "nama_ssid": "BALAI DESA KEDUNGSOKO",
        "nama_desa": "Kedungsoko",
        "fasilitato": "pemerintah_desa",
        "alamat": "Jl. Pendidikan Nomor 02 Sisir-Kedungsoko Kode Pos 62382",
        "foto": " "
      }
    },
    {
      "type": "Feature",
      "id": 265,
      "geometry": {
        "type": "Point",
        "coordinates": [
          112.09532482012106,
          -6.898159305947174
        ]
      },
      "properties": {
        "FID": 265,
        "nama_ssid": "BALAI DESA TASIKMADU",
        "nama_desa": "Tasikmadu",
        "fasilitato": "pemerintah_desa",
        "alamat": "Jl. Nyai Ageng Manyuro Nomor 06 Tasikmadu Kode Pos 62391",
        "foto": " "
      }
    },
    {
      "type": "Feature",
      "id": 266,
      "geometry": {
        "type": "Point",
        "coordinates": [
          112.09873580601852,
          -6.927686218325524
        ]
      },
      "properties": {
        "FID": 266,
        "nama_ssid": "BALAI DESA TEGALBANG",
        "nama_desa": "Tegalbang",
        "fasilitato": "pemerintah_desa",
        "alamat": "Dusun Banjarsari RT. 03 RW. 01 Kode Pos 62391",
        "foto": " "
      }
    },
    {
      "type": "Feature",
      "id": 267,
      "geometry": {
        "type": "Point",
        "coordinates": [
          112.10724971582347,
          -6.908183644037699
        ]
      },
      "properties": {
        "FID": 267,
        "nama_ssid": "BALAI DESA SUMURGUNG",
        "nama_desa": "Sumurgung",
        "fasilitato": "pemerintah_desa",
        "alamat": "Jl. Masjid Nomor 38 Telp. 085303560144 Kode Pos 62391",
        "foto": " "
      }
    },
    {
      "type": "Feature",
      "id": 268,
      "geometry": {
        "type": "Point",
        "coordinates": [
          112.12042450893856,
          -6.90204081870979
        ]
      },
      "properties": {
        "FID": 268,
        "nama_ssid": "BALAI DESA KRADENAN",
        "nama_desa": "Kradenan",
        "fasilitato": "pemerintah_desa",
        "alamat": "Jl. Gresik Nomor 156 Kradenan Kode Pos 62391",
        "foto": " "
      }
    },
    {
      "type": "Feature",
      "id": 269,
      "geometry": {
        "type": "Point",
        "coordinates": [
          112.11290173559486,
          -6.9290102440516375
        ]
      },
      "properties": {
        "FID": 269,
        "nama_ssid": "BALAI DESA DAWUNG",
        "nama_desa": "Dawung",
        "fasilitato": "pemerintah_desa",
        "alamat": "Jl. Krajan RT 01 RW 02 Desa Dawung Kode Pos 62391",
        "foto": " "
      }
    },
    {
      "type": "Feature",
      "id": 270,
      "geometry": {
        "type": "Point",
        "coordinates": [
          112.13630433764452,
          -6.927842448058547
        ]
      },
      "properties": {
        "FID": 270,
        "nama_ssid": "BALAI DESA CENDORO",
        "nama_desa": "Cendoro",
        "fasilitato": "pemerintah_desa",
        "alamat": "Jl. Raya Cendoro Nomor 32 Cendoro",
        "foto": " "
      }
    },
    {
      "type": "Feature",
      "id": 271,
      "geometry": {
        "type": "Point",
        "coordinates": [
          112.14464746151017,
          -6.962730987631151
        ]
      },
      "properties": {
        "FID": 271,
        "nama_ssid": "BALAI DESA NGIMBANG",
        "nama_desa": "Ngimbang",
        "fasilitato": "pemerintah_desa",
        "alamat": "Jl. Pendopo Nomor01 Desa Ngimbang Kode Pos 62391",
        "foto": " "
      }
    },
    {
      "type": "Feature",
      "id": 272,
      "geometry": {
        "type": "Point",
        "coordinates": [
          112.14126910692126,
          -6.920570702097705
        ]
      },
      "properties": {
        "FID": 272,
        "nama_ssid": "BALAI DESA PUCANGAN",
        "nama_desa": "Pucangan",
        "fasilitato": "pemerintah_desa",
        "alamat": "Jl. Argopuro Nomor 01 Pucangan Kode Pos 62391",
        "foto": " "
      }
    },
    {
      "type": "Feature",
      "id": 273,
      "geometry": {
        "type": "Point",
        "coordinates": [
          112.13663226737886,
          -6.902849790961555
        ]
      },
      "properties": {
        "FID": 273,
        "nama_ssid": "BALAI DESA GESIKHARJO",
        "nama_desa": "Gesikharjo",
        "fasilitato": "pemerintah_desa",
        "alamat": "Jl. Raya Gresik Nomor 51 Belakang Tugu Peringatan Kode Pos 62391",
        "foto": " "
      }
    },
    {
      "type": "Feature",
      "id": 274,
      "geometry": {
        "type": "Point",
        "coordinates": [
          112.14087882742707,
          -6.9019993965376845
        ]
      },
      "properties": {
        "FID": 274,
        "nama_ssid": "BALAI DESA PALANG",
        "nama_desa": "Palang",
        "fasilitato": "pemerintah_desa",
        "alamat": "Jl. Raya Gresik Nomor 102 Palang Kode Pos 62391",
        "foto": " "
      }
    },
    {
      "type": "Feature",
      "id": 275,
      "geometry": {
        "type": "Point",
        "coordinates": [
          112.14814100546121,
          -6.908508178599335
        ]
      },
      "properties": {
        "FID": 275,
        "nama_ssid": "BALAI DESA GLODOG",
        "nama_desa": "Glodog",
        "fasilitato": "pemerintah_desa",
        "alamat": "Jl. Keprabon Nomor 56 Glodog Kode Pos 62391",
        "foto": " "
      }
    },
    {
      "type": "Feature",
      "id": 276,
      "geometry": {
        "type": "Point",
        "coordinates": [
          112.14878585263027,
          -6.922252756992421
        ]
      },
      "properties": {
        "FID": 276,
        "nama_ssid": "BALAI DESA LERAN KULON",
        "nama_desa": "Leran Kulon",
        "fasilitato": "pemerintah_desa",
        "alamat": "Jl. Argopuro Nomor 114 Lerankulon Kode Pos 62391",
        "foto": " "
      }
    },
    {
      "type": "Feature",
      "id": 277,
      "geometry": {
        "type": "Point",
        "coordinates": [
          112.15730423313443,
          -6.9248271041936915
        ]
      },
      "properties": {
        "FID": 277,
        "nama_ssid": "BALAI DESA LERAN WETAN",
        "nama_desa": "Leran Wetan",
        "fasilitato": "pemerintah_desa",
        "alamat": "Jl. Argopuro Nomor 10 Desa Leranwetan Kode Pos 62391",
        "foto": " "
      }
    },
    {
      "type": "Feature",
      "id": 278,
      "geometry": {
        "type": "Point",
        "coordinates": [
          112.18866512134632,
          -6.9252994364696185
        ]
      },
      "properties": {
        "FID": 278,
        "nama_ssid": "BALAI DESA KETAMBUL",
        "nama_desa": "Ketambul",
        "fasilitato": "pemerintah_desa",
        "alamat": "Jl. Krajan Nomor 27 Desa ketambul Kode Pos 62391",
        "foto": " "
      }
    },
    {
      "type": "Feature",
      "id": 279,
      "geometry": {
        "type": "Point",
        "coordinates": [
          112.16733820340792,
          -6.926888728425491
        ]
      },
      "properties": {
        "FID": 279,
        "nama_ssid": "BALAI DESA WANGUN",
        "nama_desa": "Wangun",
        "fasilitato": "pemerintah_desa",
        "alamat": "Jl. Goa Suci Desa Wangun Palang",
        "foto": " "
      }
    },
    {
      "type": "Feature",
      "id": 280,
      "geometry": {
        "type": "Point",
        "coordinates": [
          112.13718159618728,
          -7.096312044426141
        ]
      },
      "properties": {
        "FID": 280,
        "nama_ssid": "BALAI DESA PATIHAN",
        "nama_desa": "Patihan",
        "fasilitato": "pemerintah_desa",
        "alamat": "Jalan Rajawali Nomor 97 Patihan Kode Pos 62383",
        "foto": " "
      }
    },
    {
      "type": "Feature",
      "id": 281,
      "geometry": {
        "type": "Point",
        "coordinates": [
          112.16653007148048,
          -6.900230851918515
        ]
      },
      "properties": {
        "FID": 281,
        "nama_ssid": "BALAI DESA KARANGAGUNG",
        "nama_desa": "Karangagung",
        "fasilitato": "pemerintah_desa",
        "alamat": "Jl. Raya Gresik Nomor 92 Kode Pos 62391",
        "foto": " "
      }
    },
    {
      "type": "Feature",
      "id": 282,
      "geometry": {
        "type": "Point",
        "coordinates": [
          112.12546739067838,
          -6.993086019471966
        ]
      },
      "properties": {
        "FID": 282,
        "nama_ssid": "BALAI DESA MINOHOREJO",
        "nama_desa": "Minohorejo",
        "fasilitato": "pemerintah_desa",
        "alamat": "Jl. Masuk Desa Minohorejo Nomor 01 Kode Pos 62383",
        "foto": " "
      }
    },
    {
      "type": "Feature",
      "id": 283,
      "geometry": {
        "type": "Point",
        "coordinates": [
          112.17227834264749,
          -6.902977013159513
        ]
      },
      "properties": {
        "FID": 283,
        "nama_ssid": "BALAI DESA PLIWETAN",
        "nama_desa": "Pliwetan",
        "fasilitato": "pemerintah_desa",
        "alamat": "Pliwetan, Kec. Palang, Kabupaten Tuban, Jawa Timur 62391",
        "foto": " "
      }
    },
    {
      "type": "Feature",
      "id": 284,
      "geometry": {
        "type": "Point",
        "coordinates": [
          112.15620236695221,
          -7.015679377571352
        ]
      },
      "properties": {
        "FID": 284,
        "nama_ssid": "BALAI DESA MRUTUK",
        "nama_desa": "Mrutuk",
        "fasilitato": "pemerintah_desa",
        "alamat": "Jl. Brawijaya No 321 Mrutuk Kode Pos 62383",
        "foto": " "
      }
    },
    {
      "type": "Feature",
      "id": 285,
      "geometry": {
        "type": "Point",
        "coordinates": [
          112.16940144991717,
          -6.9197367154216565
        ]
      },
      "properties": {
        "FID": 285,
        "nama_ssid": "BALAI DESA CEPOKOREJO",
        "nama_desa": "Cepokorejo",
        "fasilitato": "pemerintah_desa",
        "alamat": "Jl. Krajan Nomor 73 Palang Kode Pos 62391",
        "foto": " "
      }
    },
    {
      "type": "Feature",
      "id": 286,
      "geometry": {
        "type": "Point",
        "coordinates": [
          112.14551747274157,
          -7.028035759002211
        ]
      },
      "properties": {
        "FID": 286,
        "nama_ssid": "BALAI DESA COMPRENG",
        "nama_desa": "Compreng",
        "fasilitato": "pemerintah_desa",
        "alamat": "Jl. Raya Widang Tuban Nomor 15 Kode Pos 62383",
        "foto": " "
      }
    },
    {
      "type": "Feature",
      "id": 287,
      "geometry": {
        "type": "Point",
        "coordinates": [
          112.1672444944424,
          -6.998270828493746
        ]
      },
      "properties": {
        "FID": 287,
        "nama_ssid": "BALAI DESA SUMBERJO",
        "nama_desa": "Sumberjo",
        "fasilitato": "pemerintah_desa",
        "alamat": "Jl. K.H. Agus Salim Nomor 07 Desa Sumberjo Kode Pos 62383",
        "foto": " "
      }
    },
    {
      "type": "Feature",
      "id": 288,
      "geometry": {
        "type": "Point",
        "coordinates": [
          112.15827982073635,
          -7.099494960015037
        ]
      },
      "properties": {
        "FID": 288,
        "nama_ssid": "BALAI DESA NGADIPURO",
        "nama_desa": "Ngadipuro",
        "fasilitato": "pemerintah_desa",
        "alamat": "Jl. Pendidikan Nomor 107 Ngadipuro Kode Pos 62383",
        "foto": " "
      }
    },
    {
      "type": "Feature",
      "id": 289,
      "geometry": {
        "type": "Point",
        "coordinates": [
          112.16425048669267,
          -7.095498373313766
        ]
      },
      "properties": {
        "FID": 289,
        "nama_ssid": "BALAI DESA NGADIREJO",
        "nama_desa": "Ngadirejo",
        "fasilitato": "pemerintah_desa",
        "alamat": "Jl. Olah Raga Nomor 149 Ngadirejo Kode Pos 62383",
        "foto": " "
      }
    },
    {
      "type": "Feature",
      "id": 290,
      "geometry": {
        "type": "Point",
        "coordinates": [
          112.15823104726205,
          -7.08177961039763
        ]
      },
      "properties": {
        "FID": 290,
        "nama_ssid": "BALAI DESA BUNUT",
        "nama_desa": "Bunut",
        "fasilitato": "pemerintah_desa",
        "alamat": "Jl. Raya Bunut Nomor 171 Kode Pos 62383",
        "foto": " "
      }
    },
    {
      "type": "Feature",
      "id": 291,
      "geometry": {
        "type": "Point",
        "coordinates": [
          112.17227211628953,
          -7.083763342164123
        ]
      },
      "properties": {
        "FID": 291,
        "nama_ssid": "BALAI DESA WIDANG",
        "nama_desa": "Widang",
        "fasilitato": "pemerintah_desa",
        "alamat": "Jl. Lingkar Lapangan Kotagara RT. 1 RW. 6 Dsn. Widang Ds. Widang Kode Pos 62383",
        "foto": " "
      }
    },
    {
      "type": "Feature",
      "id": 292,
      "geometry": {
        "type": "Point",
        "coordinates": [
          112.1772836852251,
          -7.076457567558002
        ]
      },
      "properties": {
        "FID": 292,
        "nama_ssid": "BALAI DESA BANJAR",
        "nama_desa": "Banjar",
        "fasilitato": "pemerintah_desa",
        "alamat": "Jl. Pendidikan Nomor 05 Banjar, Widang Tuban",
        "foto": " "
      }
    },
    {
      "type": "Feature",
      "id": 293,
      "geometry": {
        "type": "Point",
        "coordinates": [
          112.1918291379015,
          -7.07847422682594
        ]
      },
      "properties": {
        "FID": 293,
        "nama_ssid": "BALAI DESA TEGALSARI",
        "nama_desa": "Tegalsari",
        "fasilitato": "pemerintah_desa",
        "alamat": "Jl. Pendidikan Nomor 3 A Tegalsari, Widang",
        "foto": " "
      }
    },
    {
      "type": "Feature",
      "id": 294,
      "geometry": {
        "type": "Point",
        "coordinates": [
          112.18252107233317,
          -6.997974066520182
        ]
      },
      "properties": {
        "FID": 294,
        "nama_ssid": "BALAI DESA MLANGI",
        "nama_desa": "Mlangi",
        "fasilitato": "pemerintah_desa",
        "alamat": "Jl. Nusa Damai Nomor 1 Kode Pos 62383",
        "foto": " "
      }
    },
    {
      "type": "Feature",
      "id": 295,
      "geometry": {
        "type": "Point",
        "coordinates": [
          112.21357342583511,
          -7.041088051487465
        ]
      },
      "properties": {
        "FID": 295,
        "nama_ssid": "BALAI DESA SIMOREJO",
        "nama_desa": "Simorejo",
        "fasilitato": "pemerintah_desa",
        "alamat": "Jl. Pendowo Nomor 27 Simorejo Kode Pos 62383",
        "foto": " "
      }
    },
    {
      "type": "Feature",
      "id": 296,
      "geometry": {
        "type": "Point",
        "coordinates": [
          112.20459122310162,
          -7.070201641826036
        ]
      },
      "properties": {
        "FID": 296,
        "nama_ssid": "BALAI DESA KEDUNGHARJO",
        "nama_desa": "Kedungharjo",
        "fasilitato": "pemerintah_desa",
        "alamat": "Jl. Teuku Umar Nomor 177 Kedungharjo Kode Pos 62383",
        "foto": " "
      }
    },
    {
      "type": "Feature",
      "id": 297,
      "geometry": {
        "type": "Point",
        "coordinates": [
          112.19703547917935,
          -6.988046052161205
        ]
      },
      "properties": {
        "FID": 297,
        "nama_ssid": "BALAI DESA KUJUNG",
        "nama_desa": "Kujung",
        "fasilitato": "pemerintah_desa",
        "alamat": "Jl. Pemuda Nomor 15 Kujung Kode Pos 62383",
        "foto": " "
      }
    },
    {
      "type": "Feature",
      "id": 298,
      "geometry": {
        "type": "Point",
        "coordinates": [
          111.93605267968141,
          -7.036445122077904
        ]
      },
      "properties": {
        "FID": 298,
        "nama_ssid": "BALAI DESA NGARUM",
        "nama_desa": "Ngarum",
        "fasilitato": "pemerintah_desa",
        "alamat": "Jl. Raya Ngarum No 17 Kode Pos 62373",
        "foto": " "
      }
    },
    {
      "type": "Feature",
      "id": 299,
      "geometry": {
        "type": "Point",
        "coordinates": [
          111.94642175303485,
          -7.0284068288215105
        ]
      },
      "properties": {
        "FID": 299,
        "nama_ssid": "BALAI DESA NGREJENG",
        "nama_desa": "Ngrejeng",
        "fasilitato": "pemerintah_desa",
        "alamat": "Jl. Raya Ngrejeng-Geneng No 088 Kode Pos 62373",
        "foto": " "
      }
    },
    {
      "type": "Feature",
      "id": 300,
      "geometry": {
        "type": "Point",
        "coordinates": [
          111.98176393696835,
          -7.01150805463481
        ]
      },
      "properties": {
        "FID": 300,
        "nama_ssid": "BALAI DESA GRABAGAN",
        "nama_desa": "Grabagan",
        "fasilitato": "pemerintah_desa",
        "alamat": "Jl. Raya Pasar Wage Nomor 257 Desa Grabagan Kode Pos 62373",
        "foto": " "
      }
    },
    {
      "type": "Feature",
      "id": 301,
      "geometry": {
        "type": "Point",
        "coordinates": [
          111.96453752637588,
          -7.001234924640569
        ]
      },
      "properties": {
        "FID": 301,
        "nama_ssid": "BALAI DESA WALERAN",
        "nama_desa": "Waleran",
        "fasilitato": "pemerintah_desa",
        "alamat": "Jl. Raya Waleran Nomor01 Kode Pos 62373",
        "foto": " "
      }
    },
    {
      "type": "Feature",
      "id": 302,
      "geometry": {
        "type": "Point",
        "coordinates": [
          111.9598816543868,
          -7.048845437415242
        ]
      },
      "properties": {
        "FID": 302,
        "nama_ssid": "BALAI DESA BANYUBANG",
        "nama_desa": "Banyubang",
        "fasilitato": "pemerintah_desa",
        "alamat": "Jl. Raya Banyubang No 79 Kode Pos 62373",
        "foto": " "
      }
    },
    {
      "type": "Feature",
      "id": 303,
      "geometry": {
        "type": "Point",
        "coordinates": [
          111.98651291582416,
          -6.999292652984488
        ]
      },
      "properties": {
        "FID": 303,
        "nama_ssid": "BALAI DESA GESIKAN",
        "nama_desa": "Gesikan",
        "fasilitato": "pemerintah_desa",
        "alamat": "Jl. Raya Nomor 339 Desa Gesikan Kode Pos 62373",
        "foto": " "
      }
    },
    {
      "type": "Feature",
      "id": 304,
      "geometry": {
        "type": "Point",
        "coordinates": [
          112.00892657755375,
          -7.024924104889833
        ]
      },
      "properties": {
        "FID": 304,
        "nama_ssid": "BALAI DESA NGANDONG",
        "nama_desa": "Ngandong",
        "fasilitato": "pemerintah_desa",
        "alamat": "Jl. Relay TVRI Ngandong Kode Pos 62373",
        "foto": " "
      }
    },
    {
      "type": "Feature",
      "id": 305,
      "geometry": {
        "type": "Point",
        "coordinates": [
          112.02406069999023,
          -7.020892400004901
        ]
      },
      "properties": {
        "FID": 305,
        "nama_ssid": "BALAI DESA DAHOR",
        "nama_desa": "Dahor",
        "fasilitato": "pemerintah_desa",
        "alamat": "Jl. Beji Nomor 03 Desa Dahor Kode Pos 62373",
        "foto": " "
      }
    },
    {
      "type": "Feature",
      "id": 306,
      "geometry": {
        "type": "Point",
        "coordinates": [
          112.031774525039,
          -7.007230534192845
        ]
      },
      "properties": {
        "FID": 306,
        "nama_ssid": "BALAI DESA DERMAWUHARJO",
        "nama_desa": "Dermawuharjo",
        "fasilitato": "pemerintah_desa",
        "alamat": "Jl. Raya Sekar Tanjung Nomor02 Kode Pos 62373",
        "foto": " "
      }
    },
    {
      "type": "Feature",
      "id": 307,
      "geometry": {
        "type": "Point",
        "coordinates": [
          112.03593693736354,
          -7.020383831477764
        ]
      },
      "properties": {
        "FID": 307,
        "nama_ssid": "BALAI DESA MENYUNYUR",
        "nama_desa": "Menyunyur",
        "fasilitato": "pemerintah_desa",
        "alamat": "Jl. Saringembat Nomor15 Ds. Menyunyur Kode Pos 62373",
        "foto": " "
      }
    },
    {
      "type": "Feature",
      "id": 308,
      "geometry": {
        "type": "Point",
        "coordinates": [
          112.0506462,
          -7.0229337
        ]
      },
      "properties": {
        "FID": 308,
        "nama_ssid": "BALAI DESA PAKIS",
        "nama_desa": "Pakis",
        "fasilitato": "pemerintah_desa",
        "alamat": "Jl. Sendang Telo Nomor 37 Pakis Kode Pos 62373",
        "foto": " "
      }
    },
    {
      "type": "Feature",
      "id": 309,
      "geometry": {
        "type": "Point",
        "coordinates": [
          111.887832,
          -6.807362
        ]
      },
      "properties": {
        "FID": 309,
        "nama_ssid": "RUMAH KADUS MERKAWANG / ABD. AZIZ AGUS SALIM, S.Pd",
        "nama_desa": "Merkawang",
        "fasilitato": "pemerintah_desa",
        "alamat": "Jalan Raya Tambakboyo - Kerek",
        "foto": " "
      }
    },
    {
      "type": "Feature",
      "id": 310,
      "geometry": {
        "type": "Point",
        "coordinates": [
          111.886641,
          -6.807306
        ]
      },
      "properties": {
        "FID": 310,
        "nama_ssid": "Gazebo Rumah Bapak Suyuti",
        "nama_desa": "Merkawang",
        "fasilitato": "pemerintah_desa",
        "alamat": "Jalan Raya Tambakboyo - Kerek, Tambakboyo",
        "foto": " "
      }
    },
    {
      "type": "Feature",
      "id": 311,
      "geometry": {
        "type": "Point",
        "coordinates": [
          111.888723,
          -6.807371
        ]
      },
      "properties": {
        "FID": 311,
        "nama_ssid": "Rumah Bapak Shohib",
        "nama_desa": "Merkawang",
        "fasilitato": "pemerintah_desa",
        "alamat": "Jalan Raya Tambakboyo - Kerek, Tambakboyo",
        "foto": " "
      }
    },
    {
      "type": "Feature",
      "id": 312,
      "geometry": {
        "type": "Point",
        "coordinates": [
          111.889274,
          -6.807239
        ]
      },
      "properties": {
        "FID": 312,
        "nama_ssid": "Gazebo Rumah Bapak Abdul Rohman",
        "nama_desa": "Merkawang",
        "fasilitato": "pemerintah_desa",
        "alamat": "Jalan Raya Tambakboyo - Kerek, Tambakboyo",
        "foto": " "
      }
    },
    {
      "type": "Feature",
      "id": 313,
      "geometry": {
        "type": "Point",
        "coordinates": [
          111.889064,
          -6.808439
        ]
      },
      "properties": {
        "FID": 313,
        "nama_ssid": "Mushola Sabilun Najah",
        "nama_desa": "Merkawang",
        "fasilitato": "pemerintah_desa",
        "alamat": "Jalan Raya Tambakboyo - Kerek, Tambakboyo",
        "foto": " "
      }
    },
    {
      "type": "Feature",
      "id": 314,
      "geometry": {
        "type": "Point",
        "coordinates": [
          111.889957,
          -6.809107
        ]
      },
      "properties": {
        "FID": 314,
        "nama_ssid": "Gazebo Rumah Bapak Kalil",
        "nama_desa": "Merkawang",
        "fasilitato": "pemerintah_desa",
        "alamat": "Jalan Raya Tambakboyo - Kerek, Tambakboyo",
        "foto": " "
      }
    },
    {
      "type": "Feature",
      "id": 315,
      "geometry": {
        "type": "Point",
        "coordinates": [
          111.890228,
          -6.809019
        ]
      },
      "properties": {
        "FID": 315,
        "nama_ssid": "Mushola Al Falaah",
        "nama_desa": "Merkawang",
        "fasilitato": "pemerintah_desa",
        "alamat": "Jalan Raya Tambakboyo - Kerek, Tambakboyo",
        "foto": " "
      }
    },
    {
      "type": "Feature",
      "id": 316,
      "geometry": {
        "type": "Point",
        "coordinates": [
          111.890364,
          -6.807074
        ]
      },
      "properties": {
        "FID": 316,
        "nama_ssid": "Perpusdes Merkawang",
        "nama_desa": "Merkawang",
        "fasilitato": "pemerintah_desa",
        "alamat": "Jalan Raya Tambakboyo - Kerek, Tambakboyo",
        "foto": " "
      }
    },
    {
      "type": "Feature",
      "id": 317,
      "geometry": {
        "type": "Point",
        "coordinates": [
          111.89006765261459,
          -6.8065073167473455
        ]
      },
      "properties": {
        "FID": 317,
        "nama_ssid": "BUMDES Maju Sejahtera",
        "nama_desa": "Merkawang",
        "fasilitato": "pemerintah_desa",
        "alamat": "Jalan Raya Tambakboyo - Kerek, Tambakboyo",
        "foto": " "
      }
    },
    {
      "type": "Feature",
      "id": 318,
      "geometry": {
        "type": "Point",
        "coordinates": [
          112.067738,
          -6.901396
        ]
      },
      "properties": {
        "FID": 318,
        "nama_ssid": "TAMAN SELEKO",
        "nama_desa": "Kebonsari",
        "fasilitato": "pemerintah_kabupaten",
        "alamat": "Jl. Basuki Rachmad, Kebonsari, Kec. Tuban, Kabupaten Tuban, Jawa Timur 62317",
        "foto": " "
      }
    },
    {
      "type": "Feature",
      "id": 319,
      "geometry": {
        "type": "Point",
        "coordinates": [
          112.04694239535615,
          -6.882443454197224
        ]
      },
      "properties": {
        "FID": 319,
        "nama_ssid": "TAMAN ABIRAMA",
        "nama_desa": "Sugihwaras",
        "fasilitato": "pemerintah_kabupaten",
        "alamat": "Jl. RE. Martadinata Tuban",
        "foto": " "
      }
    },
    {
      "type": "Feature",
      "id": 320,
      "geometry": {
        "type": "Point",
        "coordinates": [
          112.04141311654256,
          -6.891413754390568
        ]
      },
      "properties": {
        "FID": 320,
        "nama_ssid": "GOR RANGGA JAYA ANORAGA",
        "nama_desa": "Latsari",
        "fasilitato": "pemerintah_kabupaten",
        "alamat": "Latsari, Kec. Tuban, Kabupaten Tuban, Jawa Timur 62314",
        "foto": " "
      }
    },
    {
      "type": "Feature",
      "id": 321,
      "geometry": {
        "type": "Point",
        "coordinates": [
          112.06524058629134,
          -6.895009825085667
        ]
      },
      "properties": {
        "FID": 321,
        "nama_ssid": "ALUN-ALUN TUBAN",
        "nama_desa": "Kutorejo",
        "fasilitato": "pemerintah_kabupaten",
        "alamat": "Area PEMKAB Tuban",
        "foto": " "
      }
    },
    {
      "type": "Feature",
      "id": 322,
      "geometry": {
        "type": "Point",
        "coordinates": [
          112.06403270392475,
          -6.894988805561572
        ]
      },
      "properties": {
        "FID": 322,
        "nama_ssid": "MASJID AGUNG TUBAN",
        "nama_desa": "Kutorejo",
        "fasilitato": "pemerintah_kabupaten",
        "alamat": "Jl. Sunan Bonang Tuban",
        "foto": " "
      }
    },
    {
      "type": "Feature",
      "id": 323,
      "geometry": {
        "type": "Point",
        "coordinates": [
          112.0757247102768,
          -6.909744999504367
        ]
      },
      "properties": {
        "FID": 323,
        "nama_ssid": "TAMAN ABHIPRAYA",
        "nama_desa": "Gedongombo",
        "fasilitato": "pemerintah_kabupaten",
        "alamat": "Jl. Pahlawan Nomor 47, Dondong, Gedongombo, Kec. Semanding",
        "foto": " "
      }
    },
    {
      "type": "Feature",
      "id": 324,
      "geometry": {
        "type": "Point",
        "coordinates": [
          112.09078462293701,
          -6.924822531623047
        ]
      },
      "properties": {
        "FID": 324,
        "nama_ssid": "STADION TSC",
        "nama_desa": "Gedongombo",
        "fasilitato": "pemerintah_kabupaten",
        "alamat": "Widengan, Gedongombo, Kec. Semanding",
        "foto": " "
      }
    },
    {
      "type": "Feature",
      "id": 325,
      "geometry": {
        "type": "Point",
        "coordinates": [
          111.77370563299253,
          -6.968573970249393
        ]
      },
      "properties": {
        "FID": 325,
        "nama_ssid": "RTH SINGGAHAN",
        "nama_desa": "Laju Lor",
        "fasilitato": "pemerintah_kabupaten",
        "alamat": "Podang, Laju Lor, Kec. Singgahan, Kabupaten Tuban",
        "foto": " "
      }
    },
    {
      "type": "Feature",
      "id": 326,
      "geometry": {
        "type": "Point",
        "coordinates": [
          112.02187751666861,
          -6.89600396336995
        ]
      },
      "properties": {
        "FID": 326,
        "nama_ssid": "Lapangan Desa Sugiharjo",
        "nama_desa": "Sugiharjo",
        "fasilitato": "pemerintah_desa",
        "alamat": "Jl. Alfalah, Sugiharjo - Tuban",
        "foto": " "
      }
    },
    {
      "type": "Feature",
      "id": 327,
      "geometry": {
        "type": "Point",
        "coordinates": [
          112.155807,
          -7.054001
        ]
      },
      "properties": {
        "FID": 327,
        "nama_ssid": "Masjid Ibnu Sabil",
        "nama_desa": "Widang",
        "fasilitato": "pemerintah_desa",
        "alamat": "Dusun Kuwu, Widang - Tuban",
        "foto": " "
      }
    },
    {
      "type": "Feature",
      "id": 328,
      "geometry": {
        "type": "Point",
        "coordinates": [
          112.1790181,
          -7.0896254
        ]
      },
      "properties": {
        "FID": 328,
        "nama_ssid": "Balai RW. 05 Dusun Pencol",
        "nama_desa": "Widang",
        "fasilitato": "pemerintah_desa",
        "alamat": "Dusun Pencol, Widang - Tuban",
        "foto": " "
      }
    },
    {
      "type": "Feature",
      "id": 329,
      "geometry": {
        "type": "Point",
        "coordinates": [
          112.176783,
          -7.090117
        ]
      },
      "properties": {
        "FID": 329,
        "nama_ssid": "TPQ Darus Shibyan",
        "nama_desa": "Widang",
        "fasilitato": "pemerintah_desa",
        "alamat": "Dusun Pencol, Widang - Tuban",
        "foto": " "
      }
    },
    {
      "type": "Feature",
      "id": 330,
      "geometry": {
        "type": "Point",
        "coordinates": [
          112.17606402020611,
          -7.09398148848532
        ]
      },
      "properties": {
        "FID": 330,
        "nama_ssid": "PAUD Strawbery",
        "nama_desa": "Widang",
        "fasilitato": "pemerintah_desa",
        "alamat": "Dusun Mandungan, Widang - Tuban",
        "foto": " "
      }
    },
    {
      "type": "Feature",
      "id": 331,
      "geometry": {
        "type": "Point",
        "coordinates": [
          112.1738561,
          -7.0967069
        ]
      },
      "properties": {
        "FID": 331,
        "nama_ssid": "RA Al-Falahiyah Langitan",
        "nama_desa": "Widang",
        "fasilitato": "pemerintah_desa",
        "alamat": "Jl. Pd. Pesantren, Dusun Mandungan, Widang - Tuban",
        "foto": " "
      }
    },
    {
      "type": "Feature",
      "id": 332,
      "geometry": {
        "type": "Point",
        "coordinates": [
          111.68606476272642,
          -6.8950135114317215
        ]
      },
      "properties": {
        "FID": 332,
        "nama_ssid": "Rumah Bapak Busthonul Arifin",
        "nama_desa": "Demit",
        "fasilitato": "pemerintah_desa",
        "alamat": "Jalan Raya Demit RT 05 RW 02, Desa Demit, Jatirogo - Tuban",
        "foto": " "
      }
    },
    {
      "type": "Feature",
      "id": 333,
      "geometry": {
        "type": "Point",
        "coordinates": [
          112.1603803,
          -7.0660436
        ]
      },
      "properties": {
        "FID": 333,
        "nama_ssid": "Balai Dusun Temangkar",
        "nama_desa": "Widang",
        "fasilitato": "pemerintah_desa",
        "alamat": "Dusun Temangkar, Widang - Tuban",
        "foto": " "
      }
    },
    {
      "type": "Feature",
      "id": 334,
      "geometry": {
        "type": "Point",
        "coordinates": [
          111.68872573,
          -6.89273906
        ]
      },
      "properties": {
        "FID": 334,
        "nama_ssid": "Rumah Bapak Edi",
        "nama_desa": "Demit",
        "fasilitato": "pemerintah_desa",
        "alamat": "Jalan Raya Kutu - Demit RT 01 RW 01, Desa Demit, Jatirogo - Tuban",
        "foto": " "
      }
    },
    {
      "type": "Feature",
      "id": 335,
      "geometry": {
        "type": "Point",
        "coordinates": [
          111.68856726374202,
          -6.893807256631267
        ]
      },
      "properties": {
        "FID": 335,
        "nama_ssid": "TK Darma Wanita",
        "nama_desa": "Demit",
        "fasilitato": "pemerintah_desa",
        "alamat": "Jalan Raya Demit RT 03 RW 02, Desa Demit, Jatirogo - Tuban",
        "foto": " "
      }
    },
    {
      "type": "Feature",
      "id": 336,
      "geometry": {
        "type": "Point",
        "coordinates": [
          112.154176,
          -7.051399
        ]
      },
      "properties": {
        "FID": 336,
        "nama_ssid": "Rumah Bpk. Jaswoto (Kepala Dusun Kuwu)",
        "nama_desa": "Widang",
        "fasilitato": "pemerintah_desa",
        "alamat": "Desa Widang, Tuban",
        "foto": " "
      }
    },
    {
      "type": "Feature",
      "id": 337,
      "geometry": {
        "type": "Point",
        "coordinates": [
          111.6894389816736,
          -6.892558393576878
        ]
      },
      "properties": {
        "FID": 337,
        "nama_ssid": "Rumah Bapak Riswanto",
        "nama_desa": "Demit",
        "fasilitato": "pemerintah_desa",
        "alamat": "Jalan Raya Kutu RT 04 RW 01, Desa Demit, Jatirogo - Tuban",
        "foto": " "
      }
    },
    {
      "type": "Feature",
      "id": 338,
      "geometry": {
        "type": "Point",
        "coordinates": [
          111.689319,
          -6.893862
        ]
      },
      "properties": {
        "FID": 338,
        "nama_ssid": "Rumah Ibu Sumarni",
        "nama_desa": "Demit",
        "fasilitato": "pemerintah_desa",
        "alamat": "Jalan Gang Mushola Darussalam RT 01 RW 02, Desa Demit, Jatirogo - Tuban",
        "foto": " "
      }
    },
    {
      "type": "Feature",
      "id": 339,
      "geometry": {
        "type": "Point",
        "coordinates": [
          112.155184,
          -7.052686
        ]
      },
      "properties": {
        "FID": 339,
        "nama_ssid": "Rumah Bpk. Margiono (Kepala Seksi Pemerintahan)",
        "nama_desa": "Widang",
        "fasilitato": "pemerintah_desa",
        "alamat": "Desa Widang, Tuban",
        "foto": " "
      }
    },
    {
      "type": "Feature",
      "id": 340,
      "geometry": {
        "type": "Point",
        "coordinates": [
          111.69002066330941,
          -6.892792497663375
        ]
      },
      "properties": {
        "FID": 340,
        "nama_ssid": "Rumah Bapak Tarji",
        "nama_desa": "Demit",
        "fasilitato": "pemerintah_desa",
        "alamat": "Jalan Lapangan Volly Demit, Desa Demit, Jatirogo - Tuban",
        "foto": " "
      }
    },
    {
      "type": "Feature",
      "id": 341,
      "geometry": {
        "type": "Point",
        "coordinates": [
          112.160585,
          -7.064679
        ]
      },
      "properties": {
        "FID": 341,
        "nama_ssid": "Rumah Bpk. Jupri (Kepala Seksi KESRA)",
        "nama_desa": "Widang",
        "fasilitato": "pemerintah_desa",
        "alamat": "Desa Widang, Tuban",
        "foto": " "
      }
    },
    {
      "type": "Feature",
      "id": 342,
      "geometry": {
        "type": "Point",
        "coordinates": [
          111.693635,
          -6.889014
        ]
      },
      "properties": {
        "FID": 342,
        "nama_ssid": "Rumah Bapak Jumain",
        "nama_desa": "Demit",
        "fasilitato": "pemerintah_desa",
        "alamat": "Jalan Lingkungan Kutu RT 05 RW 01Desa Demit, Jatirogo - Tuban",
        "foto": " "
      }
    },
    {
      "type": "Feature",
      "id": 343,
      "geometry": {
        "type": "Point",
        "coordinates": [
          111.682958,
          -6.879331
        ]
      },
      "properties": {
        "FID": 343,
        "nama_ssid": "Rumah Bapak Bakir",
        "nama_desa": "Demit",
        "fasilitato": "pemerintah_desa",
        "alamat": "Jalan Raya Dusun Blimbing RT 04 RW 03, Desa Demit, Jatirogo - Tuban",
        "foto": " "
      }
    },
    {
      "type": "Feature",
      "id": 344,
      "geometry": {
        "type": "Point",
        "coordinates": [
          111.685608,
          -6.879987
        ]
      },
      "properties": {
        "FID": 344,
        "nama_ssid": "Rumah Bapak Kundori",
        "nama_desa": "Demit",
        "fasilitato": "pemerintah_desa",
        "alamat": "Jalan Lingkungan Gg. Mushola RT 05 RW 03, Desa Demit, Jatirogo - Tuban",
        "foto": " "
      }
    },
    {
      "type": "Feature",
      "id": 345,
      "geometry": {
        "type": "Point",
        "coordinates": [
          112.15972,
          -7.066272
        ]
      },
      "properties": {
        "FID": 345,
        "nama_ssid": "Rumah Mantan Kadus Temangkar",
        "nama_desa": "Widang",
        "fasilitato": "pemerintah_desa",
        "alamat": "Dusun Temangkar, Widang - Tuban",
        "foto": " "
      }
    },
    {
      "type": "Feature",
      "id": 346,
      "geometry": {
        "type": "Point",
        "coordinates": [
          111.6854,
          -6.879067
        ]
      },
      "properties": {
        "FID": 346,
        "nama_ssid": "Rumah Ibu Sehi",
        "nama_desa": "Demit",
        "fasilitato": "pemerintah_desa",
        "alamat": "Jalan Raya Blimbing RT 03 RW 03, Desa Demit, Jatirogo - Tuban",
        "foto": " "
      }
    },
    {
      "type": "Feature",
      "id": 347,
      "geometry": {
        "type": "Point",
        "coordinates": [
          112.1712303,
          -7.0860204
        ]
      },
      "properties": {
        "FID": 347,
        "nama_ssid": "Rumah Bpk. Korpriyanto (Kepala Seksi Pelayanan)",
        "nama_desa": "Widang",
        "fasilitato": "pemerintah_desa",
        "alamat": "Desa Widang, Tuban",
        "foto": " "
      }
    },
    {
      "type": "Feature",
      "id": 348,
      "geometry": {
        "type": "Point",
        "coordinates": [
          111.684226,
          -6.877404
        ]
      },
      "properties": {
        "FID": 348,
        "nama_ssid": "Rumah Bapak Kayat",
        "nama_desa": "Demit",
        "fasilitato": "pemerintah_desa",
        "alamat": "Jalan Gang Blimbing RT 02 RW 03, Desa Demit, Jatirogo - Tuban",
        "foto": " "
      }
    },
    {
      "type": "Feature",
      "id": 349,
      "geometry": {
        "type": "Point",
        "coordinates": [
          112.018826,
          -7.082475
        ]
      },
      "properties": {
        "FID": 349,
        "nama_ssid": "TK Darma Wanita Persatuan",
        "nama_desa": "Ngadirejo",
        "fasilitato": "pemerintah_desa",
        "alamat": "Desa Ngadirejo, Rengel - Tuban",
        "foto": " "
      }
    },
    {
      "type": "Feature",
      "id": 350,
      "geometry": {
        "type": "Point",
        "coordinates": [
          112.171604,
          -7.087943
        ]
      },
      "properties": {
        "FID": 350,
        "nama_ssid": "Rumah Bpk. Widodo (Kepala Dusun Widang)",
        "nama_desa": "Widang",
        "fasilitato": "pemerintah_desa",
        "alamat": "Dusun/Desa Widang, Tuban",
        "foto": " "
      }
    },
    {
      "type": "Feature",
      "id": 351,
      "geometry": {
        "type": "Point",
        "coordinates": [
          112.015744,
          -7.089661
        ]
      },
      "properties": {
        "FID": 351,
        "nama_ssid": "Rumah Bpk. Yoyok D. (KADUS Tawangsari)",
        "nama_desa": "Ngadirejo",
        "fasilitato": "pemerintah_desa",
        "alamat": "Desa Ngadirejo, Rengel - Tuban",
        "foto": " "
      }
    },
    {
      "type": "Feature",
      "id": 352,
      "geometry": {
        "type": "Point",
        "coordinates": [
          112.177867,
          -7.090592
        ]
      },
      "properties": {
        "FID": 352,
        "nama_ssid": "Rumah Bpk. Ali Mahrus (Kepala Urusan Keuangan)",
        "nama_desa": "Widang",
        "fasilitato": "pemerintah_desa",
        "alamat": "Desa Widang, Tuban",
        "foto": " "
      }
    },
    {
      "type": "Feature",
      "id": 353,
      "geometry": {
        "type": "Point",
        "coordinates": [
          112.1662872,
          -6.9286971
        ]
      },
      "properties": {
        "FID": 353,
        "nama_ssid": "Toko Mitra Sejati",
        "nama_desa": "Wangun",
        "fasilitato": "pemerintah_desa",
        "alamat": "RT 03/RW 02, Dusun Wangun Timur, Desa Wangun, Palang - Tuban",
        "foto": " "
      }
    },
    {
      "type": "Feature",
      "id": 354,
      "geometry": {
        "type": "Point",
        "coordinates": [
          112.177892,
          -7.089443
        ]
      },
      "properties": {
        "FID": 354,
        "nama_ssid": "Rumah Bpk. Hadi Pramono (Kepala Dusun Pencol)",
        "nama_desa": "Widang",
        "fasilitato": "pemerintah_desa",
        "alamat": "Dusun Pencol, Desa Widang, Tuban",
        "foto": " "
      }
    },
    {
      "type": "Feature",
      "id": 355,
      "geometry": {
        "type": "Point",
        "coordinates": [
          112.1658684,
          -6.9297911
        ]
      },
      "properties": {
        "FID": 355,
        "nama_ssid": "Rumah Bapak Siswo",
        "nama_desa": "Wangun",
        "fasilitato": "pemerintah_desa",
        "alamat": "RT 05/RW 02, Dusun Wangun Timur, Desa Wangun, Palang - Tuban",
        "foto": " "
      }
    },
    {
      "type": "Feature",
      "id": 356,
      "geometry": {
        "type": "Point",
        "coordinates": [
          111.874834,
          -7.037891
        ]
      },
      "properties": {
        "FID": 356,
        "nama_ssid": "Rumah Bpk. Karsono Wukirharjo",
        "nama_desa": "Wukirharjo",
        "fasilitato": "pemerintah_desa",
        "alamat": "Desa Wukirharjo, Parengan - Tuban",
        "foto": " "
      }
    },
    {
      "type": "Feature",
      "id": 357,
      "geometry": {
        "type": "Point",
        "coordinates": [
          112.1615598,
          -6.9402931
        ]
      },
      "properties": {
        "FID": 357,
        "nama_ssid": "Rumah Bapak Imam",
        "nama_desa": "Wangun",
        "fasilitato": "pemerintah_desa",
        "alamat": "Dusun Suci, Desa Wangun, Palang - Tuban",
        "foto": " "
      }
    },
    {
      "type": "Feature",
      "id": 358,
      "geometry": {
        "type": "Point",
        "coordinates": [
          111.8034917,
          -6.8288233
        ]
      },
      "properties": {
        "FID": 358,
        "nama_ssid": "Rumah Ketua RT 01",
        "nama_desa": "Belikanget",
        "fasilitato": "pemerintah_desa",
        "alamat": "Desa Belikanget, Tambakboyo - Tuban",
        "foto": " "
      }
    },
    {
      "type": "Feature",
      "id": 359,
      "geometry": {
        "type": "Point",
        "coordinates": [
          111.859676,
          -7.033338
        ]
      },
      "properties": {
        "FID": 359,
        "nama_ssid": "Rumah Bpk. Nur Ali Wukirharjo",
        "nama_desa": "Wukirharjo",
        "fasilitato": "pemerintah_desa",
        "alamat": "Desa Wukirharjo, Parengan - Tuban",
        "foto": " "
      }
    },
    {
      "type": "Feature",
      "id": 360,
      "geometry": {
        "type": "Point",
        "coordinates": [
          111.8053203,
          -6.830532
        ]
      },
      "properties": {
        "FID": 360,
        "nama_ssid": "Rumah KAUR Perencanaan (RT 02)",
        "nama_desa": "Belikanget",
        "fasilitato": "pemerintah_desa",
        "alamat": "Desa Belikanget, Tambakboyo - Tuban",
        "foto": " "
      }
    },
    {
      "type": "Feature",
      "id": 361,
      "geometry": {
        "type": "Point",
        "coordinates": [
          111.856805,
          -7.037929
        ]
      },
      "properties": {
        "FID": 361,
        "nama_ssid": "Rumah Bpk. Syaifudin Umam Wukirharjo",
        "nama_desa": "Wukirharjo",
        "fasilitato": "pemerintah_desa",
        "alamat": "Desa Wukirharjo, Parengan - Tuban",
        "foto": " "
      }
    },
    {
      "type": "Feature",
      "id": 362,
      "geometry": {
        "type": "Point",
        "coordinates": [
          111.807928,
          -6.830342
        ]
      },
      "properties": {
        "FID": 362,
        "nama_ssid": "Rumah Ketua RT 03",
        "nama_desa": "Belikanget",
        "fasilitato": "pemerintah_desa",
        "alamat": "Desa Belikanget, Tambakboyo - Tuban",
        "foto": " "
      }
    },
    {
      "type": "Feature",
      "id": 363,
      "geometry": {
        "type": "Point",
        "coordinates": [
          111.8842584,
          -7.0384597
        ]
      },
      "properties": {
        "FID": 363,
        "nama_ssid": "Rumah Bpk. Sumiran Wukirharjo",
        "nama_desa": "Wukirharjo",
        "fasilitato": "pemerintah_desa",
        "alamat": "Desa Wukirharjo, Parengan - Tuban",
        "foto": " "
      }
    },
    {
      "type": "Feature",
      "id": 364,
      "geometry": {
        "type": "Point",
        "coordinates": [
          111.8097878,
          -6.8284508
        ]
      },
      "properties": {
        "FID": 364,
        "nama_ssid": "Rumah Kepala Desa (RT 04)",
        "nama_desa": "Belikanget",
        "fasilitato": "pemerintah_desa",
        "alamat": "Desa Belikanget, Tambakboyo - Tuban",
        "foto": " "
      }
    },
    {
      "type": "Feature",
      "id": 365,
      "geometry": {
        "type": "Point",
        "coordinates": [
          111.78628335638574,
          -6.854286690467285
        ]
      },
      "properties": {
        "FID": 365,
        "nama_ssid": "Rumah Ibu Siti Qomariyah (SEKDES)",
        "nama_desa": "Plajan",
        "fasilitato": "pemerintah_desa",
        "alamat": "Desa Plajan, Tambakboyo - Tuban",
        "foto": " "
      }
    },
    {
      "type": "Feature",
      "id": 366,
      "geometry": {
        "type": "Point",
        "coordinates": [
          111.8112396,
          -6.8300973
        ]
      },
      "properties": {
        "FID": 366,
        "nama_ssid": "Rumah Ketua RT 05",
        "nama_desa": "Belikanget",
        "fasilitato": "pemerintah_desa",
        "alamat": "Desa Belikanget, Tambakboyo - Tuban",
        "foto": " "
      }
    },
    {
      "type": "Feature",
      "id": 367,
      "geometry": {
        "type": "Point",
        "coordinates": [
          111.8125938,
          -6.8296955
        ]
      },
      "properties": {
        "FID": 367,
        "nama_ssid": "Rumah Ketua RT 06",
        "nama_desa": "Belikanget",
        "fasilitato": "pemerintah_desa",
        "alamat": "Desa Belikanget, Tambakboyo - Tuban",
        "foto": " "
      }
    },
    {
      "type": "Feature",
      "id": 368,
      "geometry": {
        "type": "Point",
        "coordinates": [
          111.8126511,
          -6.8302597
        ]
      },
      "properties": {
        "FID": 368,
        "nama_ssid": "Rumah Ketua RT 07",
        "nama_desa": "Belikanget",
        "fasilitato": "pemerintah_desa",
        "alamat": "Desa Belikanget, Tambakboyo - Tuban",
        "foto": " "
      }
    },
    {
      "type": "Feature",
      "id": 369,
      "geometry": {
        "type": "Point",
        "coordinates": [
          111.8130427,
          -6.829533
        ]
      },
      "properties": {
        "FID": 369,
        "nama_ssid": "Rumah Ketua RT 08",
        "nama_desa": "Belikanget",
        "fasilitato": "pemerintah_desa",
        "alamat": "Desa Belikanget, Tambakboyo - Tuban",
        "foto": " "
      }
    },
    {
      "type": "Feature",
      "id": 370,
      "geometry": {
        "type": "Point",
        "coordinates": [
          111.8123731,
          -6.8294821
        ]
      },
      "properties": {
        "FID": 370,
        "nama_ssid": "Rumah KASIPEM (RT 09)",
        "nama_desa": "Belikanget",
        "fasilitato": "pemerintah_desa",
        "alamat": "Desa Belikanget, Tambakboyo - Tuban",
        "foto": " "
      }
    },
    {
      "type": "Feature",
      "id": 371,
      "geometry": {
        "type": "Point",
        "coordinates": [
          111.78604741296192,
          -6.854130664001323
        ]
      },
      "properties": {
        "FID": 371,
        "nama_ssid": "TK Bina Lestari",
        "nama_desa": "Plajan",
        "fasilitato": "pemerintah_desa",
        "alamat": "Desa Plajan, Tambakboyo - Tuban",
        "foto": " "
      }
    },
    {
      "type": "Feature",
      "id": 372,
      "geometry": {
        "type": "Point",
        "coordinates": [
          111.78652087038029,
          -6.854143082878246
        ]
      },
      "properties": {
        "FID": 372,
        "nama_ssid": "SD Negeri Plajan",
        "nama_desa": "Plajan",
        "fasilitato": "pemerintah_desa",
        "alamat": "Desa Plajan, Tambakboyo - Tuban",
        "foto": " "
      }
    },
    {
      "type": "Feature",
      "id": 373,
      "geometry": {
        "type": "Point",
        "coordinates": [
          111.8131838,
          -6.8288912
        ]
      },
      "properties": {
        "FID": 373,
        "nama_ssid": "Rumah SEKDES (RT 09)",
        "nama_desa": "Belikanget",
        "fasilitato": "pemerintah_desa",
        "alamat": "Desa Belikanget, Tambakboyo - Tuban",
        "foto": " "
      }
    },
    {
      "type": "Feature",
      "id": 374,
      "geometry": {
        "type": "Point",
        "coordinates": [
          111.78398388702139,
          -6.852618911644986
        ]
      },
      "properties": {
        "FID": 374,
        "nama_ssid": "Rumah Bpk. Kasturi (KASI Pelayanan)",
        "nama_desa": "Plajan",
        "fasilitato": "pemerintah_desa",
        "alamat": "Desa Plajan, Tambakboyo - Tuban",
        "foto": " "
      }
    },
    {
      "type": "Feature",
      "id": 375,
      "geometry": {
        "type": "Point",
        "coordinates": [
          111.8134936,
          -6.8283063
        ]
      },
      "properties": {
        "FID": 375,
        "nama_ssid": "Alun-Alun Desa (RT 09)",
        "nama_desa": "Belikanget",
        "fasilitato": "pemerintah_desa",
        "alamat": "Desa Belikanget, Tambakboyo - Tuban",
        "foto": " "
      }
    },
    {
      "type": "Feature",
      "id": 376,
      "geometry": {
        "type": "Point",
        "coordinates": [
          111.8130175,
          -6.8246228
        ]
      },
      "properties": {
        "FID": 376,
        "nama_ssid": "Rumah Ketua BPD",
        "nama_desa": "Belikanget",
        "fasilitato": "pemerintah_desa",
        "alamat": "Desa Belikanget, Tambakboyo - Tuban",
        "foto": " "
      }
    },
    {
      "type": "Feature",
      "id": 377,
      "geometry": {
        "type": "Point",
        "coordinates": [
          111.78426077679214,
          -6.851782908736001
        ]
      },
      "properties": {
        "FID": 377,
        "nama_ssid": "Rumah Bpk. Akhmad DS (Ketua RT 005)",
        "nama_desa": "Plajan",
        "fasilitato": "pemerintah_desa",
        "alamat": "Desa Plajan, Tambakboyo - Tuban",
        "foto": " "
      }
    },
    {
      "type": "Feature",
      "id": 378,
      "geometry": {
        "type": "Point",
        "coordinates": [
          111.8131527,
          -6.8251328
        ]
      },
      "properties": {
        "FID": 378,
        "nama_ssid": "Rumah Ketua RT 10",
        "nama_desa": "Belikanget",
        "fasilitato": "pemerintah_desa",
        "alamat": "Desa Belikanget, Tambakboyo - Tuban",
        "foto": " "
      }
    },
    {
      "type": "Feature",
      "id": 379,
      "geometry": {
        "type": "Point",
        "coordinates": [
          111.78463752844115,
          -6.851037039672862
        ]
      },
      "properties": {
        "FID": 379,
        "nama_ssid": "Rumah Bpk. M. Mustamir (KASI KESRA)",
        "nama_desa": "Plajan",
        "fasilitato": "pemerintah_desa",
        "alamat": "Desa Plajan, Tambakboyo - Tuban",
        "foto": " "
      }
    },
    {
      "type": "Feature",
      "id": 380,
      "geometry": {
        "type": "Point",
        "coordinates": [
          111.78476235578894,
          -6.850922117147718
        ]
      },
      "properties": {
        "FID": 380,
        "nama_ssid": "Rumah Bpk. Sarno (KAUR TU & UMUM)",
        "nama_desa": "Plajan",
        "fasilitato": "pemerintah_desa",
        "alamat": "Desa Plajan, Tambakboyo - Tuban",
        "foto": " "
      }
    },
    {
      "type": "Feature",
      "id": 381,
      "geometry": {
        "type": "Point",
        "coordinates": [
          111.78454672339097,
          -6.8507877358996065
        ]
      },
      "properties": {
        "FID": 381,
        "nama_ssid": "Rumah Bpk. M. Ali Nurrofiq (KADUS)",
        "nama_desa": "Plajan",
        "fasilitato": "pemerintah_desa",
        "alamat": "Desa Plajan, Tambakboyo - Tuban",
        "foto": " "
      }
    },
    {
      "type": "Feature",
      "id": 382,
      "geometry": {
        "type": "Point",
        "coordinates": [
          111.78341522403832,
          -6.844778484313207
        ]
      },
      "properties": {
        "FID": 382,
        "nama_ssid": "Rumah Bpk. Abdul Manan (Kepala Desa)",
        "nama_desa": "Plajan",
        "fasilitato": "pemerintah_desa",
        "alamat": "Desa Plajan, Tambakboyo - Tuban",
        "foto": " "
      }
    },
    {
      "type": "Feature",
      "id": 383,
      "geometry": {
        "type": "Point",
        "coordinates": [
          111.78347802793678,
          -6.851262272844986
        ]
      },
      "properties": {
        "FID": 383,
        "nama_ssid": "Rumah Bpk. Abdul Wachid (KAUR Perencanaan)",
        "nama_desa": "Plajan",
        "fasilitato": "pemerintah_desa",
        "alamat": "Desa Plajan, Tambakboyo - Tuban",
        "foto": " "
      }
    },
    {
      "type": "Feature",
      "id": 384,
      "geometry": {
        "type": "Point",
        "coordinates": [
          111.78459671560161,
          -6.844360886142617
        ]
      },
      "properties": {
        "FID": 384,
        "nama_ssid": "Rumah Ibu Renita Silvia Sari (KAUR Keuangan)",
        "nama_desa": "Plajan",
        "fasilitato": "pemerintah_desa",
        "alamat": "Desa Plajan, Tambakboyo - Tuban",
        "foto": " "
      }
    },
    {
      "type": "Feature",
      "id": 385,
      "geometry": {
        "type": "Point",
        "coordinates": [
          111.79091188191224,
          -7.042934086696126
        ]
      },
      "properties": {
        "FID": 385,
        "nama_ssid": "Rumah Sekretaris Desa 1",
        "nama_desa": "Sembung",
        "fasilitato": "pemerintah_desa",
        "alamat": "Desa Sembung, Parengan - Tuban",
        "foto": " "
      }
    },
    {
      "type": "Feature",
      "id": 386,
      "geometry": {
        "type": "Point",
        "coordinates": [
          111.78407479457427,
          -6.844136901523212
        ]
      },
      "properties": {
        "FID": 386,
        "nama_ssid": "Pos Kamling Dusun Creme",
        "nama_desa": "Plajan",
        "fasilitato": "pemerintah_desa",
        "alamat": "Desa Plajan, Tambakboyo - Tuban",
        "foto": " "
      }
    },
    {
      "type": "Feature",
      "id": 387,
      "geometry": {
        "type": "Point",
        "coordinates": [
          111.78598282860199,
          -6.860805430628869
        ]
      },
      "properties": {
        "FID": 387,
        "nama_ssid": "Pos Kamling Dusun Plajan Kidul",
        "nama_desa": "Plajan",
        "fasilitato": "pemerintah_desa",
        "alamat": "Desa Plajan, Tambakboyo - Tuban",
        "foto": " "
      }
    },
    {
      "type": "Feature",
      "id": 388,
      "geometry": {
        "type": "Point",
        "coordinates": [
          111.78644217261122,
          -6.860163206264838
        ]
      },
      "properties": {
        "FID": 388,
        "nama_ssid": "Rumah Bpk. Mulyono (Ketua RT 006)",
        "nama_desa": "Plajan",
        "fasilitato": "pemerintah_desa",
        "alamat": "Desa Plajan, Tambakboyo - Tuban",
        "foto": " "
      }
    },
    {
      "type": "Feature",
      "id": 389,
      "geometry": {
        "type": "Point",
        "coordinates": [
          111.64067140188813,
          -6.907867104253891
        ]
      },
      "properties": {
        "FID": 389,
        "nama_ssid": "Rumah Ibu Setyarini (Sekretaris Desa)",
        "nama_desa": "Cengkong",
        "fasilitato": "pemerintah_desa",
        "alamat": "Dusun Nggunungrejo RT 07 RW 02 Desa Cengkong, Parengan - Tuban",
        "foto": " "
      }
    },
    {
      "type": "Feature",
      "id": 390,
      "geometry": {
        "type": "Point",
        "coordinates": [
          111.79310458778014,
          -7.035307478398184
        ]
      },
      "properties": {
        "FID": 390,
        "nama_ssid": "Rumah KAUR Keungan",
        "nama_desa": "Sembung",
        "fasilitato": "pemerintah_desa",
        "alamat": "Desa Sembung, Parengan - Tuban",
        "foto": " "
      }
    },
    {
      "type": "Feature",
      "id": 391,
      "geometry": {
        "type": "Point",
        "coordinates": [
          111.78752425192748,
          -7.031018953563283
        ]
      },
      "properties": {
        "FID": 391,
        "nama_ssid": "Rumah KAUR Perencanaan & KESRA",
        "nama_desa": "Sembung",
        "fasilitato": "pemerintah_desa",
        "alamat": "Desa Sembung, Parengan - Tuban",
        "foto": " "
      }
    },
    {
      "type": "Feature",
      "id": 392,
      "geometry": {
        "type": "Point",
        "coordinates": [
          111.78642722844056,
          -7.0466049295456425
        ]
      },
      "properties": {
        "FID": 392,
        "nama_ssid": "Rumah Sekretaris Desa 2",
        "nama_desa": "Sembung",
        "fasilitato": "pemerintah_desa",
        "alamat": "Desa Sembung, Parengan - Tuban",
        "foto": " "
      }
    },
    {
      "type": "Feature",
      "id": 393,
      "geometry": {
        "type": "Point",
        "coordinates": [
          112.064625,
          -6.994837
        ]
      },
      "properties": {
        "FID": 393,
        "nama_ssid": "KB Widya Kasih 1",
        "nama_desa": "Ngino",
        "fasilitato": "pemerintah_desa",
        "alamat": "Dusun Krajan Ngino Desa Ngino, Semanding - Tuban",
        "foto": " "
      }
    },
    {
      "type": "Feature",
      "id": 394,
      "geometry": {
        "type": "Point",
        "coordinates": [
          111.84526490641966,
          -7.083635185060524
        ]
      },
      "properties": {
        "FID": 394,
        "nama_ssid": "Rumah Bpk. Sulis Sugianto (KADUS Cengkong)",
        "nama_desa": "Cengkong",
        "fasilitato": "pemerintah_desa",
        "alamat": "Dusun Cengkong RT 01 RW 01 Desa Cengkong, Parengan - Tuban",
        "foto": " "
      }
    },
    {
      "type": "Feature",
      "id": 395,
      "geometry": {
        "type": "Point",
        "coordinates": [
          111.84237616731052,
          -7.078505990783898
        ]
      },
      "properties": {
        "FID": 395,
        "nama_ssid": "Rumah Bpk. Jariyo (KASI Pemerintahan)",
        "nama_desa": "Cengkong",
        "fasilitato": "pemerintah_desa",
        "alamat": "Dusun Cengkong RT 05 RW 02 Desa Cengkong - Tuban",
        "foto": " "
      }
    },
    {
      "type": "Feature",
      "id": 396,
      "geometry": {
        "type": "Point",
        "coordinates": [
          112.05079003482852,
          -6.993037906690287
        ]
      },
      "properties": {
        "FID": 396,
        "nama_ssid": "KB Widya Kasih 2",
        "nama_desa": "Ngino",
        "fasilitato": "pemerintah_desa",
        "alamat": "Dusun Mangkung Desa Ngino, Semanding - Tuban",
        "foto": " "
      }
    },
    {
      "type": "Feature",
      "id": 397,
      "geometry": {
        "type": "Point",
        "coordinates": [
          111.8419000752094,
          -7.078931873117095
        ]
      },
      "properties": {
        "FID": 397,
        "nama_ssid": "Rumah Ibu Listiani (KAUR Keuangan)",
        "nama_desa": "Cengkong",
        "fasilitato": "pemerintah_desa",
        "alamat": "Dusun Cengkong RT 05 RW 02 Desa Cengkong, Parengan - Tuban",
        "foto": " "
      }
    },
    {
      "type": "Feature",
      "id": 398,
      "geometry": {
        "type": "Point",
        "coordinates": [
          112.07253189435504,
          -7.005490605602089
        ]
      },
      "properties": {
        "FID": 398,
        "nama_ssid": "KB Widya Kasih 3",
        "nama_desa": "Ngino",
        "fasilitato": "pemerintah_desa",
        "alamat": "Dusun Cumpleng, Desa Ngino Semanding - Tuban",
        "foto": " "
      }
    },
    {
      "type": "Feature",
      "id": 399,
      "geometry": {
        "type": "Point",
        "coordinates": [
          111.84092777443745,
          -7.077992269685724
        ]
      },
      "properties": {
        "FID": 399,
        "nama_ssid": "Rumah Bpk. Eddy Sanjani (Kepala Desa)",
        "nama_desa": "Cengkong",
        "fasilitato": "pemerintah_desa",
        "alamat": "Dusun Cengkong RT 06 RW 02 Desa Cengkong, Parengan - Tuban",
        "foto": " "
      }
    },
    {
      "type": "Feature",
      "id": 400,
      "geometry": {
        "type": "Point",
        "coordinates": [
          112.07275038086361,
          -6.993016004725085
        ]
      },
      "properties": {
        "FID": 400,
        "nama_ssid": "KB Tunas Mulia 1",
        "nama_desa": "Ngino",
        "fasilitato": "pemerintah_desa",
        "alamat": "Dusun Janten Desa Ngino, Semanding - Tuban",
        "foto": " "
      }
    },
    {
      "type": "Feature",
      "id": 401,
      "geometry": {
        "type": "Point",
        "coordinates": [
          111.89095,
          -6.801816
        ]
      },
      "properties": {
        "FID": 401,
        "nama_ssid": "Rumah Ketua RT 05 RW 02",
        "nama_desa": "Glondonggede",
        "fasilitato": "pemerintah_desa",
        "alamat": "Desa Glondonggede, Tambakboyo - Tuban",
        "foto": " "
      }
    },
    {
      "type": "Feature",
      "id": 402,
      "geometry": {
        "type": "Point",
        "coordinates": [
          112.16840630034055,
          -6.919305365199077
        ]
      },
      "properties": {
        "FID": 402,
        "nama_ssid": "Rumah Bpk. Yaskur (Kepala Desa)",
        "nama_desa": "Cepokorejo",
        "fasilitato": "pemerintah_desa",
        "alamat": "Dusun Krajan RT 02 RW 01 Desa Cepokorejo, Palang - Tuban",
        "foto": " "
      }
    },
    {
      "type": "Feature",
      "id": 403,
      "geometry": {
        "type": "Point",
        "coordinates": [
          112.17057894720655,
          -6.919446347756747
        ]
      },
      "properties": {
        "FID": 403,
        "nama_ssid": "Rumah Bpk. Putro Sazyunus (Sekretaris Desa)",
        "nama_desa": "Cepokorejo",
        "fasilitato": "pemerintah_desa",
        "alamat": "Dusun Krajan RT 03 RW 01 Desa Cepokorejo, Palang - Tuban",
        "foto": " "
      }
    },
    {
      "type": "Feature",
      "id": 404,
      "geometry": {
        "type": "Point",
        "coordinates": [
          111.8026141,
          -6.8596268
        ]
      },
      "properties": {
        "FID": 404,
        "nama_ssid": "Rumah Kepala Desa",
        "nama_desa": "Mander",
        "fasilitato": "pemerintah_desa",
        "alamat": "Desa Mander, Tambakboyo - Tuban",
        "foto": " "
      }
    },
    {
      "type": "Feature",
      "id": 405,
      "geometry": {
        "type": "Point",
        "coordinates": [
          112.17033156912105,
          -6.9202422265149615
        ]
      },
      "properties": {
        "FID": 405,
        "nama_ssid": "Rumah Bpk. Suwarto (KADUS Krajan)",
        "nama_desa": "Cepokorejo",
        "fasilitato": "pemerintah_desa",
        "alamat": "Dusun Krajan RT 03 RW 02 Desa Cepokorejo, Palang - Tuban",
        "foto": " "
      }
    },
    {
      "type": "Feature",
      "id": 406,
      "geometry": {
        "type": "Point",
        "coordinates": [
          111.8029287,
          -6.8596113
        ]
      },
      "properties": {
        "FID": 406,
        "nama_ssid": "Rumah Sekretaris Desa",
        "nama_desa": "Mander",
        "fasilitato": "pemerintah_desa",
        "alamat": "Desa Mander, Tambakboyo - Tuban",
        "foto": " "
      }
    },
    {
      "type": "Feature",
      "id": 407,
      "geometry": {
        "type": "Point",
        "coordinates": [
          111.8049091,
          -6.860106
        ]
      },
      "properties": {
        "FID": 407,
        "nama_ssid": "TK Bhakti Pertiwi 1",
        "nama_desa": "Mander",
        "fasilitato": "pemerintah_desa",
        "alamat": "Desa Mander, Tambakboyo - Tuban",
        "foto": " "
      }
    },
    {
      "type": "Feature",
      "id": 408,
      "geometry": {
        "type": "Point",
        "coordinates": [
          112.17932215224236,
          -6.92520545609841
        ]
      },
      "properties": {
        "FID": 408,
        "nama_ssid": "Rumah Bpk. Sukalam (KADUS Caper)",
        "nama_desa": "Cepokorejo",
        "fasilitato": "pemerintah_desa",
        "alamat": "Dusun Caper RT 05 RW 03 Desa Cepokorejo, Palang - Tuban",
        "foto": " "
      }
    },
    {
      "type": "Feature",
      "id": 409,
      "geometry": {
        "type": "Point",
        "coordinates": [
          111.8036627,
          -6.8611063
        ]
      },
      "properties": {
        "FID": 409,
        "nama_ssid": "Rumah KADUS Bendan",
        "nama_desa": "Mander",
        "fasilitato": "pemerintah_desa",
        "alamat": "Desa Mander, Tambakboyo - Tuban",
        "foto": " "
      }
    },
    {
      "type": "Feature",
      "id": 410,
      "geometry": {
        "type": "Point",
        "coordinates": [
          111.8035341,
          -6.8615455
        ]
      },
      "properties": {
        "FID": 410,
        "nama_ssid": "Rumah Ketua BPD",
        "nama_desa": "Mander",
        "fasilitato": "pemerintah_desa",
        "alamat": "Desa Mander, Tambakboyo - Tuban",
        "foto": " "
      }
    },
    {
      "type": "Feature",
      "id": 411,
      "geometry": {
        "type": "Point",
        "coordinates": [
          111.7983743,
          -6.8608326
        ]
      },
      "properties": {
        "FID": 411,
        "nama_ssid": "Rumah KAUR Perencanaan",
        "nama_desa": "Mander",
        "fasilitato": "pemerintah_desa",
        "alamat": "Desa Mander, Tambakboyo - Tuban",
        "foto": " "
      }
    },
    {
      "type": "Feature",
      "id": 412,
      "geometry": {
        "type": "Point",
        "coordinates": [
          112.17937004124144,
          -6.926480183197636
        ]
      },
      "properties": {
        "FID": 412,
        "nama_ssid": "Rumah Bpk. Suyatno (KADUS Waru)",
        "nama_desa": "Cepokorejo",
        "fasilitato": "pemerintah_desa",
        "alamat": "Dusun Waru RT 05 RW 04 Desa Cepokorejo, Palang - Tuban",
        "foto": " "
      }
    },
    {
      "type": "Feature",
      "id": 413,
      "geometry": {
        "type": "Point",
        "coordinates": [
          111.7975589,
          -6.8611012
        ]
      },
      "properties": {
        "FID": 413,
        "nama_ssid": "Rumah Ketua RT 12",
        "nama_desa": "Mander",
        "fasilitato": "pemerintah_desa",
        "alamat": "Desa Mander, Tambakboyo - Tuban",
        "foto": " "
      }
    },
    {
      "type": "Feature",
      "id": 414,
      "geometry": {
        "type": "Point",
        "coordinates": [
          112.17496102092517,
          -6.904088895084558
        ]
      },
      "properties": {
        "FID": 414,
        "nama_ssid": "Rumah Bpk. Kaswoto (KADUS Randugeneng)",
        "nama_desa": "Cepokorejo",
        "fasilitato": "pemerintah_desa",
        "alamat": "Dusun Randugeneng RT 04 RW 05 Desa Cepokorejo, Palang - Tuban",
        "foto": " "
      }
    },
    {
      "type": "Feature",
      "id": 415,
      "geometry": {
        "type": "Point",
        "coordinates": [
          111.8015462,
          -6.8553303
        ]
      },
      "properties": {
        "FID": 415,
        "nama_ssid": "Rumah KADUS Mander",
        "nama_desa": "Mander",
        "fasilitato": "pemerintah_desa",
        "alamat": "Desa Mander, Tambakboyo - Tuban",
        "foto": " "
      }
    },
    {
      "type": "Feature",
      "id": 416,
      "geometry": {
        "type": "Point",
        "coordinates": [
          111.8032584,
          -6.8568786
        ]
      },
      "properties": {
        "FID": 416,
        "nama_ssid": "Masjid Mander",
        "nama_desa": "Mander",
        "fasilitato": "pemerintah_desa",
        "alamat": "Desa Mander, Tambakboyo - Tuban",
        "foto": " "
      }
    },
    {
      "type": "Feature",
      "id": 417,
      "geometry": {
        "type": "Point",
        "coordinates": [
          112.17420682382364,
          -6.903908465081695
        ]
      },
      "properties": {
        "FID": 417,
        "nama_ssid": "Rumah Bpk. ... (KASI Pemerintahan)",
        "nama_desa": "Cepokorejo",
        "fasilitato": "pemerintah_desa",
        "alamat": "Dusun Randugeneng RT 01 RW 05 Desa Cepokorejo, Palang - Tuban",
        "foto": " "
      }
    },
    {
      "type": "Feature",
      "id": 418,
      "geometry": {
        "type": "Point",
        "coordinates": [
          111.8025177,
          -6.8566849
        ]
      },
      "properties": {
        "FID": 418,
        "nama_ssid": "Posyandu Mander",
        "nama_desa": "Mander",
        "fasilitato": "pemerintah_desa",
        "alamat": "Desa Mander, Tambakboyo - Tuban",
        "foto": " "
      }
    },
    {
      "type": "Feature",
      "id": 419,
      "geometry": {
        "type": "Point",
        "coordinates": [
          112.17901636228798,
          -6.9287055543847735
        ]
      },
      "properties": {
        "FID": 419,
        "nama_ssid": "Rumah Bpk. Sadius (KASI Pelayanan)",
        "nama_desa": "Cepokorejo",
        "fasilitato": "pemerintah_desa",
        "alamat": "Dusun Waru RT 04 RW 04 Desa Cepokorejo, Palang - Tuban",
        "foto": " "
      }
    },
    {
      "type": "Feature",
      "id": 420,
      "geometry": {
        "type": "Point",
        "coordinates": [
          111.8017243,
          -6.8563393
        ]
      },
      "properties": {
        "FID": 420,
        "nama_ssid": "Rumah Staf Mander",
        "nama_desa": "Mander",
        "fasilitato": "pemerintah_desa",
        "alamat": "Desa Mander, Tambakboyo - Tuban",
        "foto": " "
      }
    },
    {
      "type": "Feature",
      "id": 421,
      "geometry": {
        "type": "Point",
        "coordinates": [
          111.7999012,
          -6.8442695
        ]
      },
      "properties": {
        "FID": 421,
        "nama_ssid": "Rumah KASI Pemerintahan",
        "nama_desa": "Mander",
        "fasilitato": "pemerintah_desa",
        "alamat": "Desa Mander, Tambakboyo - Tuban",
        "foto": " "
      }
    },
    {
      "type": "Feature",
      "id": 422,
      "geometry": {
        "type": "Point",
        "coordinates": [
          112.17895308509988,
          -6.928238881902872
        ]
      },
      "properties": {
        "FID": 422,
        "nama_ssid": "Rumah Bpk. Sulishadi (KAUR Keuangan)",
        "nama_desa": "Cepokorejo",
        "fasilitato": "pemerintah_desa",
        "alamat": "Dusun Waru RT 04 RW 04 Desa Cepokorejo, Palang - Tuban",
        "foto": " "
      }
    },
    {
      "type": "Feature",
      "id": 423,
      "geometry": {
        "type": "Point",
        "coordinates": [
          111.7998603,
          -6.8463866
        ]
      },
      "properties": {
        "FID": 423,
        "nama_ssid": "Lapangan Volly Dampung",
        "nama_desa": "Mander",
        "fasilitato": "pemerintah_desa",
        "alamat": "Desa Mander, Tambakboyo - Tuban",
        "foto": " "
      }
    },
    {
      "type": "Feature",
      "id": 424,
      "geometry": {
        "type": "Point",
        "coordinates": [
          112.1713660797422,
          -6.919602897190361
        ]
      },
      "properties": {
        "FID": 424,
        "nama_ssid": "Rumah Ibu Rusmawati (KAUR Perencanaan)",
        "nama_desa": "Cepokorejo",
        "fasilitato": "pemerintah_desa",
        "alamat": "Dusun Krajan RT 04 RW 01 Desa Cepokorejo, Palang - Tuban",
        "foto": " "
      }
    },
    {
      "type": "Feature",
      "id": 425,
      "geometry": {
        "type": "Point",
        "coordinates": [
          111.7991799,
          -6.8459899
        ]
      },
      "properties": {
        "FID": 425,
        "nama_ssid": "Rumah Ketua RT 17",
        "nama_desa": "Mander",
        "fasilitato": "pemerintah_desa",
        "alamat": "Desa Mander, Tambakboyo - Tuban",
        "foto": " "
      }
    },
    {
      "type": "Feature",
      "id": 426,
      "geometry": {
        "type": "Point",
        "coordinates": [
          112.16876062139657,
          -6.919560105545377
        ]
      },
      "properties": {
        "FID": 426,
        "nama_ssid": "Rumah Bpk. Sumarsono (Ketua BPD)",
        "nama_desa": "Cepokorejo",
        "fasilitato": "pemerintah_desa",
        "alamat": "Dusun Krajan RT 02 RW 01 Desa Cepokorejo, Palang - Tuban",
        "foto": " "
      }
    },
    {
      "type": "Feature",
      "id": 427,
      "geometry": {
        "type": "Point",
        "coordinates": [
          111.8016399,
          -6.8440627
        ]
      },
      "properties": {
        "FID": 427,
        "nama_ssid": "SDN Mander 3",
        "nama_desa": "Mander",
        "fasilitato": "pemerintah_desa",
        "alamat": "Desa Mander, Tambakboyo - Tuban",
        "foto": " "
      }
    },
    {
      "type": "Feature",
      "id": 428,
      "geometry": {
        "type": "Point",
        "coordinates": [
          111.8061459,
          -6.8617405
        ]
      },
      "properties": {
        "FID": 428,
        "nama_ssid": "Lapangan Sepak Bola Pule",
        "nama_desa": "Mander",
        "fasilitato": "pemerintah_desa",
        "alamat": "Desa Mander, Tambakboyo - Tuban",
        "foto": " "
      }
    },
    {
      "type": "Feature",
      "id": 429,
      "geometry": {
        "type": "Point",
        "coordinates": [
          112.17157056515254,
          -6.920105375303999
        ]
      },
      "properties": {
        "FID": 429,
        "nama_ssid": "Masjid At-Taqwa",
        "nama_desa": "Cepokorejo",
        "fasilitato": "pemerintah_desa",
        "alamat": "Dusun Krajan RT 04 RW 01 Desa Cepokorejo, Palang - Tuban",
        "foto": " "
      }
    },
    {
      "type": "Feature",
      "id": 430,
      "geometry": {
        "type": "Point",
        "coordinates": [
          111.6625970440171,
          -6.914216788618159
        ]
      },
      "properties": {
        "FID": 430,
        "nama_ssid": "Belakang Rumah Bpk. Yoto",
        "nama_desa": "Sidohasri",
        "fasilitato": "pemerintah_desa",
        "alamat": "Dusun Balong RT 01 RW 01 Desa Sidohasri, Kenduruan - Tuban",
        "foto": " "
      }
    },
    {
      "type": "Feature",
      "id": 431,
      "geometry": {
        "type": "Point",
        "coordinates": [
          111.65969088841761,
          -6.911848303847123
        ]
      },
      "properties": {
        "FID": 431,
        "nama_ssid": "Rumah Kepala Desa",
        "nama_desa": "Sidohasri",
        "fasilitato": "pemerintah_desa",
        "alamat": "Dusun Balong RT 04 RW 01 Desa Sidohasri, Kenduruan - Tuban",
        "foto": " "
      }
    },
    {
      "type": "Feature",
      "id": 432,
      "geometry": {
        "type": "Point",
        "coordinates": [
          112.17393086947482,
          -6.903911190231454
        ]
      },
      "properties": {
        "FID": 432,
        "nama_ssid": "Masjid Al-Ikhlas",
        "nama_desa": "Cepokorejo",
        "fasilitato": "pemerintah_desa",
        "alamat": "Dusun Randugeneng RT 02 RW 05 Desa Cepokorejo, Palang - Tuban",
        "foto": " "
      }
    },
    {
      "type": "Feature",
      "id": 433,
      "geometry": {
        "type": "Point",
        "coordinates": [
          111.65048422684752,
          -6.902397524344569
        ]
      },
      "properties": {
        "FID": 433,
        "nama_ssid": "Rumah Ibu Wiwik (KASIPEM)",
        "nama_desa": "Sidohasri",
        "fasilitato": "pemerintah_desa",
        "alamat": "Dusun Gendori RT 06 RW 02 Desa Sidohasri, Kenduruan - Tuban",
        "foto": " "
      }
    },
    {
      "type": "Feature",
      "id": 434,
      "geometry": {
        "type": "Point",
        "coordinates": [
          112.17884095664601,
          -6.926888977428929
        ]
      },
      "properties": {
        "FID": 434,
        "nama_ssid": "TPQ Al-Masykuro",
        "nama_desa": "Cepokorejo",
        "fasilitato": "pemerintah_desa",
        "alamat": "Dusun Waru RT 05 RW 05 Desa Cepokorejo, Palang - Tuban",
        "foto": " "
      }
    },
    {
      "type": "Feature",
      "id": 435,
      "geometry": {
        "type": "Point",
        "coordinates": [
          112.17944562475358,
          -6.927018342614036
        ]
      },
      "properties": {
        "FID": 435,
        "nama_ssid": "Pasar Waru",
        "nama_desa": "Cepokorejo",
        "fasilitato": "pemerintah_desa",
        "alamat": "Dusun Waru RT 05 RW 05 Desa Cepokorejo, Palang - Tuban",
        "foto": " "
      }
    },
    {
      "type": "Feature",
      "id": 436,
      "geometry": {
        "type": "Point",
        "coordinates": [
          112.16998868871008,
          -6.919448179922751
        ]
      },
      "properties": {
        "FID": 436,
        "nama_ssid": "TK Tunas Cempaka",
        "nama_desa": "Cepokorejo",
        "fasilitato": "pemerintah_desa",
        "alamat": "Dusun Krajan RT 03 RW 01 Desa Cepokorejo, Palang - Tuban",
        "foto": " "
      }
    },
    {
      "type": "Feature",
      "id": 437,
      "geometry": {
        "type": "Point",
        "coordinates": [
          112.1701915775351,
          -6.919356231375443
        ]
      },
      "properties": {
        "FID": 437,
        "nama_ssid": "KB Tunas Cempaka",
        "nama_desa": "Cepokorejo",
        "fasilitato": "pemerintah_desa",
        "alamat": "Dusun Krajan RT 03 RW 01 Desa Cepokorejo, Palang - Tuban",
        "foto": " "
      }
    },
    {
      "type": "Feature",
      "id": 438,
      "geometry": {
        "type": "Point",
        "coordinates": [
          112.17030016031555,
          -6.919399878761348
        ]
      },
      "properties": {
        "FID": 438,
        "nama_ssid": "POLINDES",
        "nama_desa": "Cepokorejo",
        "fasilitato": "pemerintah_desa",
        "alamat": "Dusun Krajan RT 03 RW 01 Desa Cepokorejo, Palang - Tuban",
        "foto": " "
      }
    },
    {
      "type": "Feature",
      "id": 439,
      "geometry": {
        "type": "Point",
        "coordinates": [
          111.98124886003525,
          -6.877296830901412
        ]
      },
      "properties": {
        "FID": 439,
        "nama_ssid": "Balai Desa Lama",
        "nama_desa": "Tuwiri Wetan",
        "fasilitato": "pemerintah_desa",
        "alamat": "Dusun Karangwinangun, Desa Tuwiri Wetan, Merakurak - Tuban",
        "foto": " "
      }
    },
    {
      "type": "Feature",
      "id": 440,
      "geometry": {
        "type": "Point",
        "coordinates": [
          111.98417019962974,
          -6.88179537449977
        ]
      },
      "properties": {
        "FID": 440,
        "nama_ssid": "Rumah Bpk. Bisri (KASI KESRA)",
        "nama_desa": "Tuwiri Wetan",
        "fasilitato": "pemerintah_desa",
        "alamat": "Dusun Kedungsari Desa Tuwiri Wetan, Merakurak - Tuban",
        "foto": " "
      }
    },
    {
      "type": "Feature",
      "id": 441,
      "geometry": {
        "type": "Point",
        "coordinates": [
          111.97893271374984,
          -6.877153644836591
        ]
      },
      "properties": {
        "FID": 441,
        "nama_ssid": "Rumah Bpk. Nuryono (KAUR Keuangan)",
        "nama_desa": "Tuwiri Wetan",
        "fasilitato": "pemerintah_desa",
        "alamat": "Dusun Juwiri Desa Tuwiri Wetan, Merakurak - Tuban",
        "foto": " "
      }
    },
    {
      "type": "Feature",
      "id": 442,
      "geometry": {
        "type": "Point",
        "coordinates": [
          111.84344552415719,
          -7.020534135742087
        ]
      },
      "properties": {
        "FID": 442,
        "nama_ssid": "Free Wifi Manjung 1",
        "nama_desa": "Manjung",
        "fasilitato": "pemerintah_desa",
        "alamat": "Dusun Sebogo RT 02 RW 07 Desa Manjung, Montong - Tuban",
        "foto": " "
      }
    }
  ]
}
